Month,Rig count,Region,Production per rig,Total production,Natural Gas Price
Jan-07,176,Anadarko,842.083257,"40,31,235",6.5
Feb-07,180,Anadarko,847.966912,"40,53,325",7.39
Mar-07,166,Anadarko,852.327623,"41,65,396",7.45
Apr-07,157,Anadarko,856.050993,"41,19,072",7.24
May-07,170,Anadarko,858.90199,"41,86,645",7.45
Jun-07,181,Anadarko,861.667399,"42,14,967",7.32
Jul-07,166,Anadarko,864.819459,"41,93,564",6.56
Aug-07,173,Anadarko,868.940194,"41,78,552",6
Sep-07,168,Anadarko,871.650974,"42,25,367",5.49
Oct-07,174,Anadarko,871.114332,"42,44,042",6.35
Nov-07,182,Anadarko,868.136083,"42,61,523",7.21
Dec-07,182,Anadarko,866.555855,"41,18,018",7.51
Jan-08,180,Anadarko,872.453104,"41,97,599",7.66
Feb-08,187,Anadarko,882.918206,"42,44,617",8.34
Mar-08,190,Anadarko,889.000891,"42,48,894",9.03
Apr-08,190,Anadarko,892.350762,"43,25,760",9.61
May-08,189,Anadarko,894.457676,"43,33,130",10.8
Jun-08,188,Anadarko,890.801481,"43,06,191",11.71
Jul-08,194,Anadarko,884.626355,"42,93,668",11.78
Aug-08,204,Anadarko,883.700117,"42,76,198",8.67
Sep-08,206,Anadarko,893.738513,"42,58,812",7.54
Oct-08,197,Anadarko,912.695071,"41,83,105",6.87
Nov-08,181,Anadarko,936.998373,"42,75,290",6.54
Dec-08,150,Anadarko,966.157396,"42,82,889",6.74
Jan-09,128,Anadarko,1005.71085,"43,04,635",6.18
Feb-09,105,Anadarko,1055.30119,"43,92,981",5.21
Mar-09,84,Anadarko,1103.09449,"41,81,360",4.34
Apr-09,72,Anadarko,1151.89858,"42,08,099",3.67
May-09,62,Anadarko,1184.27969,"42,74,415",3.48
Jun-09,57,Anadarko,1195.42933,"42,52,778",3.51
Jul-09,59,Anadarko,1187.52098,"42,28,232",3.5
Aug-09,63,Anadarko,1186.20443,"41,77,008",3.29
Sep-09,64,Anadarko,1159.59067,"41,67,953",2.91
Oct-09,69,Anadarko,1175.19967,"41,04,892",3.92
Nov-09,76,Anadarko,1192.58213,"40,94,811",4.4
Dec-09,93,Anadarko,1208.39185,"38,77,317",5.23
Jan-10,100,Anadarko,1227.39236,"38,57,045",5.95
Feb-10,107,Anadarko,1257.9783,"42,21,159",5.62
Mar-10,113,Anadarko,1294.41713,"40,26,510",4.87
Apr-10,122,Anadarko,1335.14203,"40,54,154",4.13
May-10,131,Anadarko,1361.50302,"41,06,904",4.13
Jun-10,137,Anadarko,1369.03121,"44,19,987",4.23
Jul-10,145,Anadarko,1354.31859,"42,43,478",4.4
Aug-10,151,Anadarko,1326.42309,"42,22,838",4.13
Sep-10,158,Anadarko,1308.59758,"45,16,421",3.76
Oct-10,174,Anadarko,1286.79757,"43,33,798",3.83
Nov-10,174,Anadarko,1274.00826,"46,29,196",3.96
Dec-10,184,Anadarko,1262.70635,"44,23,930",4.56
Jan-11,179,Anadarko,1255.88356,"42,68,544",4.66
Feb-11,175,Anadarko,1255.98725,"41,01,956",4.49
Mar-11,181,Anadarko,1258.45169,"43,38,599",4.24
Apr-11,195,Anadarko,1260.40036,"46,71,505",4.35
May-11,196,Anadarko,1256.27219,"46,07,419",4.31
Jun-11,198,Anadarko,1243.46568,"43,85,923",4.6
Jul-11,203,Anadarko,1217.44322,"44,01,682",4.39
Aug-11,215,Anadarko,1176.50167,"44,81,915",4.4
Sep-11,215,Anadarko,1131.46904,"45,04,888",3.92
Oct-11,217,Anadarko,1092.03521,"45,06,756",4.06
Nov-11,206,Anadarko,1060.86759,"46,16,667",3.58
Dec-11,207,Anadarko,1037.28321,"45,69,487",3.66
Jan-12,216,Anadarko,1021.36519,"46,20,620",3.27
Feb-12,225,Anadarko,1016.31937,"46,96,845",2.86
Mar-12,226,Anadarko,1018.67151,"44,89,993",2.36
Apr-12,224,Anadarko,1028.21092,"46,89,718",2.04
May-12,226,Anadarko,1037.29233,"48,04,901",2.29
Jun-12,223,Anadarko,1043.36271,"47,31,971",2.35
Jul-12,227,Anadarko,1044.94173,"47,76,296",2.78
Aug-12,210,Anadarko,1045.47199,"50,38,148",2.83
Sep-12,198,Anadarko,1047.60081,"49,69,066",2.67
Oct-12,196,Anadarko,1046.07054,"49,16,107",3.16
Nov-12,195,Anadarko,1043.36624,"49,58,256",4.03
Dec-12,197,Anadarko,1046.61491,"49,76,964",3.93
Jan-13,202,Anadarko,1059.54226,"50,70,190",4.14
Feb-13,211,Anadarko,1077.45162,"49,21,307",3.99
Mar-13,206,Anadarko,1095.95133,"49,75,105",3.84
Apr-13,208,Anadarko,1118.41356,"51,41,242",3.98
May-13,214,Anadarko,1135.57503,"52,93,762",3.94
Jun-13,209,Anadarko,1149.41243,"51,76,510",3.9
Jul-13,206,Anadarko,1157.65032,"53,15,098",3.41
Aug-13,206,Anadarko,1179.28143,"55,02,556",3.17
Sep-13,202,Anadarko,1163.1599,"53,02,875",3.49
Oct-13,215,Anadarko,1118.19902,"54,20,770",3.4
Nov-13,208,Anadarko,1076.78009,"54,66,831",3.77
Dec-13,204,Anadarko,1040.48594,"52,14,722",4.75
Jan-14,208,Anadarko,1005.42687,"51,66,933",7.15
Feb-14,208,Anadarko,969.803838,"51,47,750",9.11
Mar-14,212,Anadarko,943.202432,"53,92,104",8.12
Apr-14,225,Anadarko,927.593699,"56,48,216",5.11
May-14,225,Anadarko,928.795354,"57,26,442",4.6
Jun-14,228,Anadarko,947.929903,"56,78,580",5.32
Jul-14,233,Anadarko,973.343379,"57,46,081",4.77
Aug-14,240,Anadarko,1002.48015,"57,74,762",3.87
Sep-14,247,Anadarko,1012.33698,"58,91,139",4.24
Oct-14,240,Anadarko,1003.17872,"59,87,968",3.87
Nov-14,243,Anadarko,1028.40849,"59,76,138",3.97
Dec-14,241,Anadarko,1074.85149,"59,66,296",4.44
Jan-15,212,Anadarko,1127.90871,"58,56,386",4.75
Feb-15,161,Anadarko,1190.35,"58,74,158",5.46
Mar-15,136,Anadarko,1252.68437,"57,02,736",3.9
Apr-15,119,Anadarko,1333.11927,"59,69,882",2.59
May-15,99,Anadarko,1431.12669,"59,72,788",2.52
Jun-15,103,Anadarko,1546.98216,"59,62,648",2.56
Jul-15,104,Anadarko,1667.17748,"59,62,050",2.66
Aug-15,107,Anadarko,1786.02905,"60,04,194",2.74
Sep-15,103,Anadarko,1861.65506,"58,85,314",2.75
Oct-15,91,Anadarko,1886.44599,"59,41,343",3.23
Nov-15,84,Anadarko,1901.40605,"57,88,449",2.4
Dec-15,87,Anadarko,1934.47175,"55,23,525",2.28
Jan-16,84,Anadarko,1976.68629,"59,14,406",2.8
Feb-16,71,Anadarko,2005.18732,"55,60,070",2.43
Mar-16,65,Anadarko,2003.42363,"50,19,910",1.73
Apr-16,60,Anadarko,1991.6611,"56,37,559",1.61
May-16,55,Anadarko,2000.49757,"57,13,856",1.55
Jun-16,56,Anadarko,2039.22715,"57,19,562",1.9
Jul-16,60,Anadarko,2096.89983,"54,21,410",2.35
Aug-16,62,Anadarko,2180.86747,"57,61,920",2.42
Sep-16,69,Anadarko,2279.50547,"56,93,606",2.47
Oct-16,78,Anadarko,2388.85384,"56,97,566",2.59
Nov-16,80,Anadarko,2513.28481,"57,52,717",2.7
Dec-16,83,Anadarko,2630.71091,"56,47,765",3.5
Jan-17,84,Anadarko,2705.93585,"55,08,281",3.75
Feb-17,96,Anadarko,2737.06363,"55,19,030",3.14
Mar-17,105,Anadarko,2751.84664,"55,57,594",2.68
Apr-17,118,Anadarko,2756.80512,"56,18,377",2.64
May-17,116,Anadarko,2736.82965,"56,91,637",2.7
Jun-17,125,Anadarko,2683.64188,"57,83,858",2.62
Jul-17,129,Anadarko,2657.83222,"58,57,950",2.4
Aug-17,127,Anadarko,2633.16499,"59,42,976",2.38
Sep-17,126,Anadarko,2614.2481,"60,26,313",2.12
Oct-17,121,Anadarko,2603.16559,"60,93,584",2.05
Nov-17,118,Anadarko,2630.16559,"61,51,871",2.53
Dec-17,118,Anadarko,2654.16559,"61,90,354",3.26
Jan-18,116,Anadarko,2677.16559,"62,13,570",4.4
Jan-07,56,Appalachia,412.49422,"12,98,310",6.5
Feb-07,56,Appalachia,418.444354,"13,10,187",7.39
Mar-07,53,Appalachia,424.115267,"13,18,015",7.45
Apr-07,52,Appalachia,430.771879,"13,35,826",7.24
May-07,54,Appalachia,437.628229,"13,73,323",7.45
Jun-07,56,Appalachia,445.176352,"13,79,583",7.32
Jul-07,52,Appalachia,452.926931,"13,88,329",6.56
Aug-07,61,Appalachia,461.266127,"14,29,967",6
Sep-07,59,Appalachia,469.750369,"14,35,320",5.49
Oct-07,58,Appalachia,477.893621,"14,55,292",6.35
Nov-07,57,Appalachia,485.979439,"14,51,164",7.21
Dec-07,62,Appalachia,493.228796,"14,47,515",7.51
Jan-08,56,Appalachia,500.848626,"14,73,596",7.66
Feb-08,56,Appalachia,513.965374,"14,80,296",8.34
Mar-08,50,Appalachia,529.406906,"14,92,732",9.03
Apr-08,51,Appalachia,547.792082,"15,00,816",9.61
May-08,53,Appalachia,564.732453,"15,36,224",10.8
Jun-08,54,Appalachia,580.953375,"15,56,502",11.71
Jul-08,54,Appalachia,597.079299,"15,75,045",11.78
Aug-08,59,Appalachia,615.872335,"15,76,383",8.67
Sep-08,62,Appalachia,635.890201,"16,31,786",7.54
Oct-08,62,Appalachia,654.770119,"16,48,684",6.87
Nov-08,60,Appalachia,672.518967,"16,46,145",6.54
Dec-08,59,Appalachia,692.05717,"15,30,685",6.74
Jan-09,51,Appalachia,730.397349,"15,78,137",6.18
Feb-09,53,Appalachia,782.342784,"16,02,872",5.21
Mar-09,53,Appalachia,831.169724,"16,34,229",4.34
Apr-09,56,Appalachia,875.978569,"16,50,365",3.67
May-09,55,Appalachia,905.547167,"16,85,007",3.48
Jun-09,65,Appalachia,921.741866,"16,65,266",3.51
Jul-09,71,Appalachia,930.474657,"19,53,929",3.5
Aug-09,76,Appalachia,940.738916,"19,69,425",3.29
Sep-09,78,Appalachia,959.815555,"19,42,514",2.91
Oct-09,83,Appalachia,992.189029,"19,57,226",3.92
Nov-09,90,Appalachia,1039.89455,"19,13,566",4.4
Dec-09,91,Appalachia,1093.46112,"19,16,672",5.23
Jan-10,98,Appalachia,1149.26657,"19,36,155",5.95
Feb-10,97,Appalachia,1201.07957,"21,06,368",5.62
Mar-10,98,Appalachia,1247.92712,"21,67,035",4.87
Apr-10,105,Appalachia,1304.95796,"23,01,248",4.13
May-10,105,Appalachia,1374.87283,"23,88,207",4.13
Jun-10,112,Appalachia,1471.04512,"25,75,724",4.23
Jul-10,115,Appalachia,1577.24264,"26,89,923",4.4
Aug-10,117,Appalachia,1680.55079,"27,95,699",4.13
Sep-10,119,Appalachia,1772.82919,"30,45,802",3.76
Oct-10,129,Appalachia,1854.75307,"32,87,694",3.83
Nov-10,128,Appalachia,1935.58832,"34,42,039",3.96
Dec-10,131,Appalachia,2006.79263,"34,84,776",4.56
Jan-11,135,Appalachia,2068.60089,"37,47,789",4.66
Feb-11,133,Appalachia,2123.32907,"40,98,130",4.49
Mar-11,125,Appalachia,2172.5169,"41,52,710",4.24
Apr-11,127,Appalachia,2236.58404,"44,98,188",4.35
May-11,135,Appalachia,2311.15892,"46,07,878",4.31
Jun-11,142,Appalachia,2393.92962,"48,64,422",4.6
Jul-11,143,Appalachia,2468.39616,"48,64,363",4.39
Aug-11,141,Appalachia,2537.06283,"50,02,137",4.4
Sep-11,145,Appalachia,2602.64052,"54,90,036",3.92
Oct-11,151,Appalachia,2667.34565,"56,27,248",4.06
Nov-11,148,Appalachia,2742.34449,"61,90,373",3.58
Dec-11,152,Appalachia,2825.49023,"62,83,693",3.66
Jan-12,154,Appalachia,2925.00624,"64,23,717",3.27
Feb-12,152,Appalachia,3038.35345,"68,44,356",2.86
Mar-12,138,Appalachia,3158.64363,"67,08,548",2.36
Apr-12,133,Appalachia,3305.54765,"72,08,602",2.04
May-12,131,Appalachia,3460.42059,"74,30,025",2.29
Jun-12,126,Appalachia,3619.29419,"77,15,730",2.35
Jul-12,122,Appalachia,3762.4286,"78,68,671",2.78
Aug-12,115,Appalachia,3908.79684,"81,24,722",2.83
Sep-12,109,Appalachia,4070.9734,"84,81,982",2.67
Oct-12,115,Appalachia,4255.659,"86,60,003",3.16
Nov-12,120,Appalachia,4476.33604,"93,32,020",4.03
Dec-12,123,Appalachia,4697.03471,"92,38,601",3.93
Jan-13,125,Appalachia,4912.09266,"94,56,901",4.14
Feb-13,119,Appalachia,5106.54521,"1,03,40,444",3.99
Mar-13,120,Appalachia,5269.24115,"99,15,794",3.84
Apr-13,115,Appalachia,5440.89796,"1,07,21,135",3.98
May-13,114,Appalachia,5608.46163,"1,09,51,680",3.94
Jun-13,109,Appalachia,5772.07355,"1,16,48,051",3.9
Jul-13,113,Appalachia,5903.20601,"1,16,45,994",3.41
Aug-13,123,Appalachia,6013.59363,"1,18,51,029",3.17
Sep-13,122,Appalachia,6105.97363,"1,25,54,088",3.49
Oct-13,122,Appalachia,6177.32907,"1,27,00,722",3.4
Nov-13,123,Appalachia,6240.75605,"1,36,82,295",3.77
Dec-13,124,Appalachia,6300.25873,"1,37,78,845",4.75
Jan-14,125,Appalachia,6384.35607,"1,38,59,895",7.15
Feb-14,122,Appalachia,6498.64756,"1,51,95,914",9.11
Mar-14,118,Appalachia,6622.59758,"1,43,82,619",8.12
Apr-14,118,Appalachia,6760.86406,"1,50,37,205",5.11
May-14,122,Appalachia,6867.53406,"1,49,36,752",4.6
Jun-14,123,Appalachia,6919.09243,"1,57,17,401",5.32
Jul-14,124,Appalachia,6926.47347,"1,58,02,306",4.77
Aug-14,123,Appalachia,6929.08984,"1,63,08,275",3.87
Sep-14,127,Appalachia,6960.80272,"1,71,74,536",4.24
Oct-14,130,Appalachia,7038.61333,"1,71,61,457",3.87
Nov-14,131,Appalachia,7171.79316,"1,79,37,000",3.97
Dec-14,131,Appalachia,7322.06491,"1,79,65,945",4.44
Jan-15,124,Appalachia,7482.19618,"1,88,16,618",4.75
Feb-15,109,Appalachia,7632.56726,"1,89,81,391",5.46
Mar-15,99,Appalachia,7786.28252,"1,92,33,504",3.9
Apr-15,97,Appalachia,8007.19816,"1,92,36,668",2.59
May-15,91,Appalachia,8293.79786,"1,90,41,380",2.52
Jun-15,86,Appalachia,8682.08812,"1,89,80,790",2.56
Jul-15,82,Appalachia,9135.76056,"1,92,50,367",2.66
Aug-15,74,Appalachia,9681.83208,"1,97,38,884",2.74
Sep-15,70,Appalachia,10298.1747,"1,99,25,846",2.75
Oct-15,66,Appalachia,10930.3476,"1,98,53,313",3.23
Nov-15,63,Appalachia,11579.9776,"2,03,56,010",2.4
Dec-15,59,Appalachia,12204.0694,"2,10,03,885",2.28
Jan-16,51,Appalachia,12865.6415,"2,16,87,170",2.8
Feb-16,42,Appalachia,13545.0231,"2,22,56,302",2.43
Mar-16,41,Appalachia,14191.6702,"2,18,36,922",1.73
Apr-16,39,Appalachia,14829.2027,"2,16,73,606",1.61
May-16,36,Appalachia,15345.7023,"2,16,97,171",1.55
Jun-16,36,Appalachia,15700.9528,"2,17,38,617",1.9
Jul-16,36,Appalachia,15847.1064,"2,18,79,296",2.35
Aug-16,37,Appalachia,15795.0244,"2,22,20,473",2.42
Sep-16,45,Appalachia,15633.7251,"2,18,65,349",2.47
Oct-16,49,Appalachia,15400.6989,"2,12,00,305",2.59
Nov-16,53,Appalachia,15112.7907,"2,23,42,398",2.7
Dec-16,59,Appalachia,14817.4425,"2,28,71,053",3.5
Jan-17,61,Appalachia,14516.6225,"2,28,26,473",3.75
Feb-17,63,Appalachia,14227.5097,"2,30,15,120",3.14
Mar-17,64,Appalachia,13984.1062,"2,31,02,501",2.68
Apr-17,68,Appalachia,13739.318,"2,32,84,929",2.64
May-17,68,Appalachia,13774.4567,"2,34,29,279",2.7
Jun-17,73,Appalachia,13845.6307,"2,36,95,095",2.62
Jul-17,75,Appalachia,13932.7314,"2,40,42,060",2.4
Aug-17,76,Appalachia,14046.6443,"2,43,09,980",2.38
Sep-17,77,Appalachia,14183.751,"2,46,80,878",2.12
Oct-17,75,Appalachia,14334.6969,"2,48,07,611",2.05
Nov-17,72,Appalachia,14504.9591,"2,55,17,215",2.53
Dec-17,74,Appalachia,14679.9592,"2,62,41,145",3.26
Jan-18,76,Appalachia,14868.5714,"2,65,35,545",4.4
Jan-07,45,Bakken,81.7639197,"1,87,705",6.5
Feb-07,42,Bakken,81.2970818,"1,87,974",7.39
Mar-07,44,Bakken,80.7970178,"1,86,192",7.45
Apr-07,47,Bakken,80.1741731,"1,89,048",7.24
May-07,46,Bakken,79.5740664,"1,96,984",7.45
Jun-07,46,Bakken,79.0593363,"1,98,029",7.32
Jul-07,53,Bakken,78.7154023,"2,00,005",6.56
Aug-07,55,Bakken,78.5473565,"2,00,378",6
Sep-07,50,Bakken,78.565863,"1,95,802",5.49
Oct-07,52,Bakken,78.6632558,"2,00,198",6.35
Nov-07,54,Bakken,78.5148253,"1,95,314",7.21
Dec-07,58,Bakken,77.3954936,"1,95,216",7.51
Jan-08,55,Bakken,78.9592903,"1,94,360",7.66
Feb-08,60,Bakken,81.5656642,"1,90,731",8.34
Mar-08,63,Bakken,84.743368,"1,96,295",9.03
Apr-08,64,Bakken,89.500408,"2,06,360",9.61
May-08,70,Bakken,94.9783027,"2,15,531",10.8
Jun-08,77,Bakken,100.339276,"2,20,708",11.71
Jul-08,75,Bakken,104.171332,"2,17,824",11.78
Aug-08,76,Bakken,106.348133,"2,23,867",8.67
Sep-08,77,Bakken,107.174476,"2,29,485",7.54
Oct-08,80,Bakken,107.988604,"2,39,101",6.87
Nov-08,90,Bakken,109.77646,"2,44,638",6.54
Dec-08,87,Bakken,114.416113,"2,08,382",6.74
Jan-09,73,Bakken,122.471697,"2,14,774",6.18
Feb-09,65,Bakken,133.148238,"2,20,320",5.21
Mar-09,51,Bakken,143.11009,"2,24,120",4.34
Apr-09,42,Bakken,153.797426,"2,35,492",3.67
May-09,35,Bakken,163.175616,"2,38,390",3.48
Jun-09,35,Bakken,172.247707,"2,39,431",3.51
Jul-09,40,Bakken,180.200252,"2,48,874",3.5
Aug-09,44,Bakken,188.174433,"2,53,281",3.29
Sep-09,47,Bakken,194.187013,"2,51,646",2.91
Oct-09,51,Bakken,197.950155,"2,48,688",3.92
Nov-09,60,Bakken,199.071607,"2,58,061",4.4
Dec-09,66,Bakken,197.949936,"2,52,474",5.23
Jan-10,74,Bakken,195.058905,"2,45,877",5.95
Feb-10,85,Bakken,191.169022,"2,63,335",5.62
Mar-10,97,Bakken,187.415584,"2,72,067",4.87
Apr-10,101,Bakken,184.545758,"2,80,918",4.13
May-10,103,Bakken,182.664229,"2,97,072",4.13
Jun-10,116,Bakken,180.835798,"3,00,903",4.23
Jul-10,124,Bakken,178.129457,"3,21,658",4.4
Aug-10,134,Bakken,174.67862,"3,23,246",4.13
Sep-10,132,Bakken,170.117229,"3,41,843",3.76
Oct-10,140,Bakken,164.828315,"3,40,607",3.83
Nov-10,143,Bakken,158.862533,"3,58,722",3.96
Dec-10,148,Bakken,154.40158,"3,43,157",4.56
Jan-11,155,Bakken,152.356958,"3,36,975",4.66
Feb-11,157,Bakken,154.165443,"3,40,590",4.49
Mar-11,161,Bakken,158.881027,"3,60,418",4.24
Apr-11,168,Bakken,167.299407,"3,61,514",4.35
May-11,169,Bakken,177.406311,"3,68,989",4.31
Jun-11,170,Bakken,188.633123,"4,00,516",4.6
Jul-11,166,Bakken,200.042213,"4,40,516",4.39
Aug-11,184,Bakken,211.799917,"4,71,521",4.4
Sep-11,192,Bakken,223.204513,"4,91,472",3.92
Oct-11,195,Bakken,233.28353,"5,19,168",4.06
Nov-11,194,Bakken,242.669202,"5,34,513",3.58
Dec-11,195,Bakken,250.315408,"5,57,297",3.66
Jan-12,197,Bakken,256.278242,"5,81,504",3.27
Feb-12,200,Bakken,259.939604,"6,02,767",2.86
Mar-12,213,Bakken,262.103015,"6,26,870",2.36
Apr-12,213,Bakken,264.195766,"6,51,664",2.04
May-12,216,Bakken,266.986927,"6,92,808",2.29
Jun-12,218,Bakken,270.666551,"7,11,669",2.35
Jul-12,214,Bakken,274.607464,"7,36,623",2.78
Aug-12,207,Bakken,278.605939,"7,84,800",2.83
Sep-12,201,Bakken,281.933235,"8,17,025",2.67
Oct-12,199,Bakken,284.666864,"8,21,707",3.16
Nov-12,193,Bakken,287.653432,"8,06,833",4.03
Dec-12,193,Bakken,292.039271,"8,41,804",3.93
Jan-13,192,Bakken,299.926136,"8,18,036",4.14
Feb-13,188,Bakken,311.972125,"8,63,732",3.99
Mar-13,185,Bakken,325.179901,"8,78,518",3.84
Apr-13,184,Bakken,341.201832,"8,76,714",3.98
May-13,183,Bakken,356.492534,"9,31,006",3.94
Jun-13,184,Bakken,370.342819,"9,65,304",3.9
Jul-13,181,Bakken,380.267809,"10,16,549",3.41
Aug-13,178,Bakken,387.404077,"10,48,722",3.17
Sep-13,178,Bakken,391.916396,"10,97,518",3.49
Oct-13,179,Bakken,396.375212,"10,98,180",3.4
Nov-13,174,Bakken,401.145569,"11,16,896",3.77
Dec-13,180,Bakken,406.31338,"10,26,833",4.75
Jan-14,177,Bakken,411.850123,"10,37,132",7.15
Feb-14,174,Bakken,417.997416,"10,83,536",9.11
Mar-14,181,Bakken,424.128373,"11,13,894",8.12
Apr-14,184,Bakken,433.531039,"11,58,111",5.11
May-14,180,Bakken,445.858658,"12,20,132",4.6
Jun-14,174,Bakken,460.813011,"12,81,552",5.32
Jul-14,179,Bakken,475.688589,"13,25,998",4.77
Aug-14,189,Bakken,490.874686,"13,77,025",3.87
Sep-14,194,Bakken,505.279031,"14,50,589",4.24
Oct-14,191,Bakken,519.976508,"14,62,663",3.87
Nov-14,189,Bakken,537.917406,"14,66,158",3.97
Dec-14,182,Bakken,560.811153,"15,44,681",4.44
Jan-15,161,Bakken,588.882226,"15,04,298",4.75
Feb-15,123,Bakken,620.139163,"15,12,585",5.46
Mar-15,101,Bakken,647.80967,"15,57,670",3.9
Apr-15,86,Bakken,676.809538,"15,66,466",2.59
May-15,78,Bakken,700.716378,"16,51,924",2.52
Jun-15,75,Bakken,722.349482,"16,84,808",2.56
Jul-15,69,Bakken,739.198688,"16,90,048",2.66
Aug-15,70,Bakken,755.856282,"16,73,593",2.74
Sep-15,68,Bakken,769.284846,"16,32,864",2.75
Oct-15,63,Bakken,777.031884,"16,90,040",3.23
Nov-15,62,Bakken,783.165517,"17,09,290",2.4
Dec-15,57,Bakken,798.258262,"17,02,476",2.28
Jan-16,47,Bakken,826.507414,"16,70,105",2.8
Feb-16,38,Bakken,874.968258,"17,20,218",2.43
Mar-16,32,Bakken,944.659568,"17,39,542",1.73
Apr-16,27,Bakken,1048.35546,"16,56,629",1.61
May-16,24,Bakken,1165.82702,"16,70,439",1.55
Jun-16,24,Bakken,1285.47537,"16,90,978",1.9
Jul-16,27,Bakken,1386.73555,"17,23,824",2.35
Aug-16,28,Bakken,1470.12862,"16,61,251",2.42
Sep-16,28,Bakken,1530.72935,"16,36,886",2.47
Oct-16,31,Bakken,1575.27037,"17,44,183",2.59
Nov-16,35,Bakken,1602.8041,"17,88,087",2.7
Dec-16,32,Bakken,1609.13099,"15,64,444",3.5
Jan-17,34,Bakken,1596.03815,"15,85,687",3.75
Feb-17,36,Bakken,1566.7219,"17,39,378",3.14
Mar-17,41,Bakken,1535.89048,"17,61,092",2.68
Apr-17,43,Bakken,1507.99633,"18,65,342",2.64
May-17,44,Bakken,1492.91681,"18,82,017",2.7
Jun-17,49,Bakken,1490.23787,"18,78,831",2.62
Jul-17,53,Bakken,1523.58173,"19,25,939",2.4
Aug-17,52,Bakken,1547.70086,"19,79,562",2.38
Sep-17,51,Bakken,1571.37402,"19,73,458",2.12
Oct-17,50,Bakken,1596.01147,"20,97,968",2.05
Nov-17,48,Bakken,1623.3387,"21,31,282",2.53
Dec-17,48,Bakken,1650.96159,"21,21,651",3.26
Jan-18,46,Bakken,1679.77719,"21,52,962",4.4
Jan-07,51,Eagle Ford,1270.21535,"15,99,377",6.5
Feb-07,56,Eagle Ford,1243.25396,"16,51,075",7.39
Mar-07,58,Eagle Ford,1220.24739,"16,57,453",7.45
Apr-07,56,Eagle Ford,1196.55462,"16,69,511",7.24
May-07,55,Eagle Ford,1175.4236,"16,34,131",7.45
Jun-07,60,Eagle Ford,1155.21745,"16,54,704",7.32
Jul-07,63,Eagle Ford,1137.10609,"16,51,876",6.56
Aug-07,60,Eagle Ford,1119.88436,"16,40,134",6
Sep-07,60,Eagle Ford,1103.22325,"16,48,018",5.49
Oct-07,53,Eagle Ford,1091.37837,"16,43,928",6.35
Nov-07,56,Eagle Ford,1117.64351,"16,50,238",7.21
Dec-07,58,Eagle Ford,1153.1761,"16,42,955",7.51
Jan-08,55,Eagle Ford,1189.24128,"16,45,270",7.66
Feb-08,49,Eagle Ford,1216.79512,"16,48,196",8.34
Mar-08,60,Eagle Ford,1223.69023,"16,64,466",9.03
Apr-08,67,Eagle Ford,1211.2336,"16,46,479",9.61
May-08,71,Eagle Ford,1194.99086,"16,60,211",10.8
Jun-08,64,Eagle Ford,1174.42253,"16,88,010",11.71
Jul-08,64,Eagle Ford,1141.53191,"16,83,477",11.78
Aug-08,68,Eagle Ford,1104.02885,"16,60,113",8.67
Sep-08,67,Eagle Ford,1083.36488,"15,70,134",7.54
Oct-08,73,Eagle Ford,1080.77992,"16,82,502",6.87
Nov-08,72,Eagle Ford,1105.15027,"16,94,300",6.54
Dec-08,62,Eagle Ford,1150.13621,"16,90,363",6.74
Jan-09,46,Eagle Ford,1207.01506,"17,18,323",6.18
Feb-09,39,Eagle Ford,1268.47498,"17,04,826",5.21
Mar-09,37,Eagle Ford,1324.9238,"16,82,044",4.34
Apr-09,37,Eagle Ford,1373.53206,"16,53,520",3.67
May-09,32,Eagle Ford,1400.17247,"16,16,014",3.48
Jun-09,30,Eagle Ford,1420.55642,"15,90,865",3.51
Jul-09,34,Eagle Ford,1442.75769,"15,88,075",3.5
Aug-09,39,Eagle Ford,1481.59201,"15,71,226",3.29
Sep-09,46,Eagle Ford,1535.67536,"15,32,561",2.91
Oct-09,43,Eagle Ford,1566.15023,"15,26,317",3.92
Nov-09,46,Eagle Ford,1567.01996,"15,91,073",4.4
Dec-09,62,Eagle Ford,1550.09002,"16,13,872",5.23
Jan-10,64,Eagle Ford,1520.49553,"16,96,661",5.95
Feb-10,76,Eagle Ford,1486.26523,"17,55,240",5.62
Mar-10,89,Eagle Ford,1448.58147,"17,52,872",4.87
Apr-10,96,Eagle Ford,1376.33705,"17,34,653",4.13
May-10,98,Eagle Ford,1275.44485,"18,14,310",4.13
Jun-10,104,Eagle Ford,1173.16956,"18,50,701",4.23
Jul-10,119,Eagle Ford,1098.08906,"18,36,482",4.4
Aug-10,131,Eagle Ford,1057.19129,"18,58,682",4.13
Sep-10,140,Eagle Ford,1050.08179,"18,95,458",3.76
Oct-10,149,Eagle Ford,1048.48104,"19,53,988",3.83
Nov-10,145,Eagle Ford,1045.46445,"20,42,820",3.96
Dec-10,143,Eagle Ford,1053.48641,"21,83,810",4.56
Jan-11,155,Eagle Ford,1072.69764,"22,24,339",4.66
Feb-11,157,Eagle Ford,1095.68476,"22,41,525",4.49
Mar-11,157,Eagle Ford,1113.56321,"23,25,855",4.24
Apr-11,171,Eagle Ford,1127.10001,"24,23,161",4.35
May-11,179,Eagle Ford,1129.54329,"25,04,610",4.31
Jun-11,195,Eagle Ford,1127.74671,"25,15,920",4.6
Jul-11,206,Eagle Ford,1126.69673,"26,62,799",4.39
Aug-11,236,Eagle Ford,1128.76455,"28,28,733",4.4
Sep-11,242,Eagle Ford,1128.53865,"30,26,256",3.92
Oct-11,237,Eagle Ford,1116.99764,"30,74,878",4.06
Nov-11,239,Eagle Ford,1101.03759,"32,51,468",3.58
Dec-11,247,Eagle Ford,1090.54118,"34,04,729",3.66
Jan-12,251,Eagle Ford,1084.40115,"35,03,222",3.27
Feb-12,249,Eagle Ford,1078.47792,"35,31,129",2.86
Mar-12,265,Eagle Ford,1072.59492,"35,95,036",2.36
Apr-12,269,Eagle Ford,1070.03165,"36,16,863",2.04
May-12,279,Eagle Ford,1072.52124,"37,79,317",2.29
Jun-12,274,Eagle Ford,1088.97998,"38,78,712",2.35
Jul-12,270,Eagle Ford,1116.55535,"39,49,818",2.78
Aug-12,268,Eagle Ford,1147.49771,"41,35,573",2.83
Sep-12,262,Eagle Ford,1175.6534,"42,60,308",2.67
Oct-12,260,Eagle Ford,1202.90892,"43,61,388",3.16
Nov-12,259,Eagle Ford,1239.74131,"45,22,045",4.03
Dec-12,261,Eagle Ford,1283.66633,"45,04,110",3.93
Jan-13,258,Eagle Ford,1331.56667,"46,21,678",4.14
Feb-13,258,Eagle Ford,1377.10628,"48,32,922",3.99
Mar-13,251,Eagle Ford,1413.50325,"50,06,076",3.84
Apr-13,257,Eagle Ford,1448.78963,"51,00,315",3.98
May-13,258,Eagle Ford,1479.53836,"53,06,375",3.94
Jun-13,252,Eagle Ford,1508.63763,"54,54,860",3.9
Jul-13,257,Eagle Ford,1527.47135,"55,15,998",3.41
Aug-13,260,Eagle Ford,1537.6464,"54,92,479",3.17
Sep-13,261,Eagle Ford,1536.16016,"55,82,735",3.49
Oct-13,253,Eagle Ford,1531.58082,"55,21,996",3.4
Nov-13,256,Eagle Ford,1530.35901,"54,57,987",3.77
Dec-13,262,Eagle Ford,1541.49148,"56,84,255",4.75
Jan-14,260,Eagle Ford,1568.92564,"56,81,160",7.15
Feb-14,258,Eagle Ford,1601.45911,"58,00,540",9.11
Mar-14,261,Eagle Ford,1621.55933,"59,75,531",8.12
Apr-14,261,Eagle Ford,1633.62415,"62,32,917",5.11
May-14,260,Eagle Ford,1649.36638,"63,85,734",4.6
Jun-14,261,Eagle Ford,1681.84487,"65,37,132",5.32
Jul-14,261,Eagle Ford,1732.1464,"65,64,424",4.77
Aug-14,256,Eagle Ford,1794.03285,"66,18,826",3.87
Sep-14,257,Eagle Ford,1850.14212,"66,33,773",4.24
Oct-14,268,Eagle Ford,1892.66481,"67,44,564",3.87
Nov-14,264,Eagle Ford,1937.30042,"68,61,007",3.97
Dec-14,256,Eagle Ford,2002.72266,"72,76,171",4.44
Jan-15,235,Eagle Ford,2088.56609,"72,34,044",4.75
Feb-15,192,Eagle Ford,2179.24145,"74,23,519",5.46
Mar-15,157,Eagle Ford,2269.12074,"74,14,907",3.9
Apr-15,137,Eagle Ford,2402.38148,"73,64,919",2.59
May-15,121,Eagle Ford,2575.52433,"72,99,229",2.52
Jun-15,112,Eagle Ford,2775.89677,"72,41,931",2.56
Jul-15,110,Eagle Ford,2967.46035,"73,80,682",2.66
Aug-15,108,Eagle Ford,3153.80939,"72,63,225",2.74
Sep-15,99,Eagle Ford,3298.86903,"73,70,430",2.75
Oct-15,90,Eagle Ford,3405.49076,"73,54,261",3.23
Nov-15,83,Eagle Ford,3538.75387,"71,82,054",2.4
Dec-15,87,Eagle Ford,3735.83309,"72,26,732",2.28
Jan-16,76,Eagle Ford,3983.77801,"69,63,657",2.8
Feb-16,59,Eagle Ford,4256.50457,"68,83,166",2.43
Mar-16,47,Eagle Ford,4509.35919,"67,98,094",1.73
Apr-16,42,Eagle Ford,4772.62584,"67,86,528",1.61
May-16,32,Eagle Ford,4993.80604,"67,86,882",1.55
Jun-16,33,Eagle Ford,5179.81439,"67,31,687",1.9
Jul-16,36,Eagle Ford,5323.77671,"65,92,623",2.35
Aug-16,40,Eagle Ford,5407.6041,"64,44,123",2.42
Sep-16,40,Eagle Ford,5358.75108,"62,75,396",2.47
Oct-16,35,Eagle Ford,5173.91444,"62,14,469",2.59
Nov-16,39,Eagle Ford,4930.12536,"61,39,271",2.7
Dec-16,47,Eagle Ford,4713.36852,"59,63,183",3.5
Jan-17,57,Eagle Ford,4530.88768,"59,58,600",3.75
Feb-17,69,Eagle Ford,4374.59062,"59,80,267",3.14
Mar-17,80,Eagle Ford,4230.69976,"59,01,323",2.68
Apr-17,89,Eagle Ford,4053.75489,"59,90,910",2.64
May-17,98,Eagle Ford,3881.27685,"60,99,155",2.7
Jun-17,96,Eagle Ford,3687.02229,"62,28,700",2.62
Jul-17,90,Eagle Ford,3563.30137,"62,83,604",2.4
Aug-17,87,Eagle Ford,3573.35294,"61,08,108",2.38
Sep-17,83,Eagle Ford,3855.7647,"62,56,477",2.12
Oct-17,78,Eagle Ford,4104.90549,"63,31,923",2.05
Nov-17,77,Eagle Ford,4345.27112,"63,78,375",2.53
Dec-17,80,Eagle Ford,4579.67818,"64,01,221",3.26
Jan-18,79,Eagle Ford,4840.50039,"64,24,610",4.4
Jan-07,170,Haynesville,932.645738,"35,66,040",6.5
Feb-07,179,Haynesville,954.033102,"35,89,267",7.39
Mar-07,179,Haynesville,973.150281,"36,59,389",7.45
Apr-07,186,Haynesville,994.126119,"36,94,568",7.24
May-07,184,Haynesville,1014.36674,"37,26,288",7.45
Jun-07,179,Haynesville,1035.52141,"37,64,334",7.32
Jul-07,188,Haynesville,1056.6844,"38,23,860",6.56
Aug-07,189,Haynesville,1079.41087,"38,28,887",6
Sep-07,182,Haynesville,1102.87941,"38,54,180",5.49
Oct-07,181,Haynesville,1124.76426,"39,23,956",6.35
Nov-07,184,Haynesville,1152.16173,"39,42,609",7.21
Dec-07,186,Haynesville,1179.80527,"39,86,364",7.51
Jan-08,175,Haynesville,1210.67685,"39,84,768",7.66
Feb-08,176,Haynesville,1239.81164,"40,70,385",8.34
Mar-08,178,Haynesville,1264.22783,"41,31,507",9.03
Apr-08,179,Haynesville,1281.92788,"41,97,373",9.61
May-08,190,Haynesville,1288.68617,"42,45,565",10.8
Jun-08,199,Haynesville,1282.14509,"42,37,152",11.71
Jul-08,199,Haynesville,1267.27804,"42,92,783",11.78
Aug-08,222,Haynesville,1252.64938,"43,03,946",8.67
Sep-08,240,Haynesville,1244.57182,"41,53,478",7.54
Oct-08,239,Haynesville,1250.24895,"44,17,561",6.87
Nov-08,244,Haynesville,1278.49902,"44,79,232",6.54
Dec-08,230,Haynesville,1329.25027,"45,33,563",6.74
Jan-09,210,Haynesville,1418.02576,"45,47,587",6.18
Feb-09,182,Haynesville,1554.38833,"44,23,213",5.21
Mar-09,156,Haynesville,1712.73809,"46,81,115",4.34
Apr-09,146,Haynesville,1925.20757,"47,55,874",3.67
May-09,136,Haynesville,2150.43384,"48,29,993",3.48
Jun-09,126,Haynesville,2388.01538,"49,07,721",3.51
Jul-09,133,Haynesville,2601.93602,"49,80,006",3.5
Aug-09,148,Haynesville,2796.58461,"51,79,191",3.29
Sep-09,154,Haynesville,2941.74193,"53,31,254",2.91
Oct-09,161,Haynesville,3035.83435,"54,96,197",3.92
Nov-09,175,Haynesville,3096.80156,"57,17,808",4.4
Dec-09,188,Haynesville,3108.00091,"56,67,404",5.23
Jan-10,211,Haynesville,3090.22037,"58,10,387",5.95
Feb-10,230,Haynesville,3065.0259,"60,95,569",5.62
Mar-10,234,Haynesville,3035.4531,"65,11,590",4.87
Apr-10,237,Haynesville,3005.39537,"66,02,324",4.13
May-10,231,Haynesville,2986.25672,"68,04,346",4.13
Jun-10,231,Haynesville,2998.21796,"71,68,107",4.23
Jul-10,234,Haynesville,3042.00175,"73,98,951",4.4
Aug-10,228,Haynesville,3109.27293,"76,21,575",4.13
Sep-10,220,Haynesville,3207.77977,"78,21,940",3.76
Oct-10,217,Haynesville,3344.33566,"78,69,697",3.83
Nov-10,212,Haynesville,3539.44433,"82,41,564",3.96
Dec-10,200,Haynesville,3765.98309,"85,41,357",4.56
Jan-11,166,Haynesville,4013.06606,"86,78,789",4.66
Feb-11,167,Haynesville,4242.10404,"88,04,540",4.49
Mar-11,163,Haynesville,4441.40805,"93,80,573",4.24
Apr-11,161,Haynesville,4678.90888,"96,04,641",4.35
May-11,154,Haynesville,4918.12217,"99,00,305",4.31
Jun-11,145,Haynesville,5123.11306,"97,70,893",4.6
Jul-11,140,Haynesville,5225.279,"98,98,137",4.39
Aug-11,137,Haynesville,5232.06451,"1,01,52,771",4.4
Sep-11,136,Haynesville,5161.65274,"1,03,91,843",3.92
Oct-11,138,Haynesville,5072.81514,"1,04,08,872",4.06
Nov-11,130,Haynesville,5010.83729,"1,05,61,351",3.58
Dec-11,120,Haynesville,4957.8923,"1,04,35,332",3.66
Jan-12,115,Haynesville,4891.11713,"1,03,16,057",3.27
Feb-12,98,Haynesville,4817.9286,"99,28,432",2.86
Mar-12,86,Haynesville,4790.80868,"98,07,525",2.36
Apr-12,75,Haynesville,4849.87551,"98,05,187",2.04
May-12,67,Haynesville,4957.88854,"98,63,647",2.29
Jun-12,60,Haynesville,5046.78895,"1,00,30,781",2.35
Jul-12,54,Haynesville,5117.05044,"1,00,00,771",2.78
Aug-12,50,Haynesville,5211.52773,"99,65,835",2.83
Sep-12,47,Haynesville,5299.2804,"97,74,452",2.67
Oct-12,42,Haynesville,5329.67109,"94,40,174",3.16
Nov-12,44,Haynesville,5329.61856,"91,87,338",4.03
Dec-12,45,Haynesville,5318.24508,"88,97,906",3.93
Jan-13,48,Haynesville,5323.47403,"86,62,189",4.14
Feb-13,45,Haynesville,5316.33881,"85,65,502",3.99
Mar-13,46,Haynesville,5250.32381,"82,93,769",3.84
Apr-13,44,Haynesville,5062.11845,"81,70,547",3.98
May-13,41,Haynesville,4779.5342,"80,30,861",3.94
Jun-13,43,Haynesville,4471.17641,"78,54,865",3.9
Jul-13,44,Haynesville,4272.54089,"76,55,144",3.41
Aug-13,47,Haynesville,4156.24958,"73,85,818",3.17
Sep-13,46,Haynesville,4071.16194,"70,07,815",3.49
Oct-13,46,Haynesville,3969.3598,"69,11,597",3.4
Nov-13,47,Haynesville,3908.23745,"68,47,755",3.77
Dec-13,47,Haynesville,3985.63796,"67,54,457",4.75
Jan-14,51,Haynesville,4189.99497,"66,46,787",7.15
Feb-14,52,Haynesville,4399.41555,"66,21,870",9.11
Mar-14,54,Haynesville,4538.20151,"65,98,094",8.12
Apr-14,53,Haynesville,4603.05081,"66,57,366",5.11
May-14,52,Haynesville,4580.4167,"67,58,740",4.6
Jun-14,49,Haynesville,4505.15607,"67,18,458",5.32
Jul-14,48,Haynesville,4402.3491,"66,05,637",4.77
Aug-14,52,Haynesville,4272.7911,"66,43,301",3.87
Sep-14,55,Haynesville,4124.18878,"65,85,208",4.24
Oct-14,52,Haynesville,4008.50641,"65,04,428",3.87
Nov-14,49,Haynesville,3937.57613,"63,30,160",3.97
Dec-14,50,Haynesville,3939.20927,"63,46,972",4.44
Jan-15,52,Haynesville,3997.22807,"63,02,247",4.75
Feb-15,49,Haynesville,4135.6037,"63,81,623",5.46
Mar-15,41,Haynesville,4348.89575,"64,15,660",3.9
Apr-15,32,Haynesville,4656.23481,"64,35,186",2.59
May-15,29,Haynesville,4924.39567,"63,21,585",2.52
Jun-15,28,Haynesville,5154.75129,"61,91,980",2.56
Jul-15,31,Haynesville,5326.51879,"62,00,876",2.66
Aug-15,37,Haynesville,5461.3681,"61,23,120",2.74
Sep-15,35,Haynesville,5583.03866,"61,29,754",2.75
Oct-15,29,Haynesville,5686.12698,"60,32,840",3.23
Nov-15,33,Haynesville,5859.07636,"61,17,139",2.4
Dec-15,33,Haynesville,6199.94806,"59,93,536",2.28
Jan-16,26,Haynesville,6664.03518,"61,37,312",2.8
Feb-16,18,Haynesville,7186.33552,"60,27,055",2.43
Mar-16,17,Haynesville,7744.70597,"57,71,754",1.73
Apr-16,16,Haynesville,8334.33887,"60,10,716",1.61
May-16,17,Haynesville,8805.6691,"59,81,889",1.55
Jun-16,20,Haynesville,9196.80589,"59,18,821",1.9
Jul-16,19,Haynesville,9427.41425,"60,16,724",2.35
Aug-16,19,Haynesville,9469.91431,"59,00,074",2.42
Sep-16,17,Haynesville,9311.65578,"58,41,208",2.47
Oct-16,20,Haynesville,8997.73577,"58,31,271",2.59
Nov-16,24,Haynesville,8611.8917,"57,72,130",2.7
Dec-16,29,Haynesville,8304.04151,"57,39,766",3.5
Jan-17,32,Haynesville,8076.99766,"58,68,188",3.75
Feb-17,37,Haynesville,7960.94107,"60,43,546",3.14
Mar-17,42,Haynesville,7962.59976,"61,37,987",2.68
Apr-17,44,Haynesville,7974.92987,"60,71,474",2.64
May-17,46,Haynesville,7965.52497,"61,83,121",2.7
Jun-17,46,Haynesville,8023.87093,"64,14,547",2.62
Jul-17,48,Haynesville,8117.62986,"64,43,679",2.4
Aug-17,48,Haynesville,8182.85309,"65,09,350",2.38
Sep-17,49,Haynesville,8228.92674,"70,33,567",2.12
Oct-17,48,Haynesville,8261.09535,"72,40,732",2.05
Nov-17,45,Haynesville,8287.79444,"74,28,298",2.53
Dec-17,50,Haynesville,8310.74089,"76,02,412",3.26
Jan-18,50,Haynesville,8330.21363,"77,45,602",4.4
Jan-07,107,Niobrara,1210.03021,"34,39,026",6.5
Feb-07,104,Niobrara,1222.86118,"35,14,315",7.39
Mar-07,109,Niobrara,1234.3475,"35,46,589",7.45
Apr-07,113,Niobrara,1247.01061,"35,28,940",7.24
May-07,108,Niobrara,1259.38392,"36,55,885",7.45
Jun-07,108,Niobrara,1272.56701,"36,39,319",7.32
Jul-07,109,Niobrara,1285.92362,"36,47,341",6.56
Aug-07,115,Niobrara,1300.48031,"37,47,858",6
Sep-07,119,Niobrara,1315.82907,"37,07,738",5.49
Oct-07,117,Niobrara,1331.34153,"37,15,719",6.35
Nov-07,118,Niobrara,1347.7997,"38,91,200",7.21
Dec-07,111,Niobrara,1363.69633,"39,93,563",7.51
Jan-08,101,Niobrara,1379.22946,"39,89,491",7.66
Feb-08,114,Niobrara,1392.18707,"40,38,695",8.34
Mar-08,117,Niobrara,1400.63813,"41,84,151",9.03
Apr-08,120,Niobrara,1416.76635,"43,11,335",9.61
May-08,120,Niobrara,1433.41556,"43,86,997",10.8
Jun-08,112,Niobrara,1452.85196,"44,65,282",11.71
Jul-08,114,Niobrara,1475.13576,"44,19,370",11.78
Aug-08,118,Niobrara,1501.64158,"44,72,799",8.67
Sep-08,118,Niobrara,1531.65777,"45,69,996",7.54
Oct-08,118,Niobrara,1565.08947,"46,21,647",6.87
Nov-08,127,Niobrara,1605.84274,"46,70,147",6.54
Dec-08,112,Niobrara,1654.97386,"46,33,122",6.74
Jan-09,91,Niobrara,1716.69186,"47,53,800",6.18
Feb-09,69,Niobrara,1786.78782,"48,19,534",5.21
Mar-09,58,Niobrara,1853.96449,"47,44,219",4.34
Apr-09,52,Niobrara,1932.65281,"46,62,685",3.67
May-09,45,Niobrara,2012.02406,"47,23,916",3.48
Jun-09,46,Niobrara,2096.35989,"46,62,842",3.51
Jul-09,46,Niobrara,2179.54608,"45,97,082",3.5
Aug-09,45,Niobrara,2267.06757,"46,53,059",3.29
Sep-09,46,Niobrara,2354.86692,"44,26,739",2.91
Oct-09,39,Niobrara,2439.07623,"45,84,563",3.92
Nov-09,40,Niobrara,2522.76742,"47,17,686",4.4
Dec-09,43,Niobrara,2593.67421,"46,34,877",5.23
Jan-10,45,Niobrara,2649.43308,"47,32,887",5.95
Feb-10,48,Niobrara,2682.87,"47,69,985",5.62
Mar-10,51,Niobrara,2691.74224,"47,65,538",4.87
Apr-10,51,Niobrara,2676.63902,"47,63,515",4.13
May-10,52,Niobrara,2636.57026,"47,84,437",4.13
Jun-10,51,Niobrara,2571.56499,"47,69,875",4.23
Jul-10,56,Niobrara,2491.93881,"46,88,738",4.4
Aug-10,68,Niobrara,2398.86761,"48,46,362",4.13
Sep-10,67,Niobrara,2301.61597,"48,99,008",3.76
Oct-10,71,Niobrara,2207.53454,"48,75,326",3.83
Nov-10,77,Niobrara,2110.67223,"48,78,494",3.96
Dec-10,75,Niobrara,2020.03406,"48,59,280",4.56
Jan-11,78,Niobrara,1934.03471,"47,08,638",4.66
Feb-11,76,Niobrara,1859.42788,"46,59,212",4.49
Mar-11,82,Niobrara,1804.5907,"47,27,424",4.24
Apr-11,81,Niobrara,1754.08562,"47,20,116",4.35
May-11,82,Niobrara,1716.01951,"46,79,427",4.31
Jun-11,85,Niobrara,1687.83782,"46,17,042",4.6
Jul-11,85,Niobrara,1671.32822,"47,31,418",4.39
Aug-11,85,Niobrara,1665.45727,"47,79,578",4.4
Sep-11,90,Niobrara,1668.64743,"47,82,929",3.92
Oct-11,93,Niobrara,1678.59646,"49,14,779",4.06
Nov-11,95,Niobrara,1692.74629,"49,28,448",3.58
Dec-11,95,Niobrara,1704.27222,"49,28,894",3.66
Jan-12,88,Niobrara,1709.64051,"50,98,056",3.27
Feb-12,83,Niobrara,1705.18803,"47,85,787",2.86
Mar-12,81,Niobrara,1690.41702,"48,64,889",2.36
Apr-12,80,Niobrara,1663.52275,"47,71,372",2.04
May-12,81,Niobrara,1628.88835,"48,34,564",2.29
Jun-12,83,Niobrara,1587.7337,"46,62,409",2.35
Jul-12,82,Niobrara,1547.47407,"46,37,820",2.78
Aug-12,82,Niobrara,1509.23867,"46,16,302",2.83
Sep-12,79,Niobrara,1477.82951,"46,25,046",2.67
Oct-12,81,Niobrara,1454.25714,"46,74,607",3.16
Nov-12,77,Niobrara,1434.6093,"46,00,300",4.03
Dec-12,77,Niobrara,1418.42508,"45,51,715",3.93
Jan-13,76,Niobrara,1403.08939,"44,37,384",4.14
Feb-13,80,Niobrara,1387.2609,"44,38,875",3.99
Mar-13,80,Niobrara,1372.166,"43,99,419",3.84
Apr-13,82,Niobrara,1356.83956,"44,13,070",3.98
May-13,82,Niobrara,1344.16256,"43,93,269",3.94
Jun-13,86,Niobrara,1335.03438,"43,20,075",3.9
Jul-13,93,Niobrara,1331.44566,"43,22,263",3.41
Aug-13,94,Niobrara,1331.45399,"44,28,256",3.17
Sep-13,96,Niobrara,1331.3494,"43,55,957",3.49
Oct-13,96,Niobrara,1329.90325,"44,74,523",3.4
Nov-13,100,Niobrara,1328.09117,"45,09,661",3.77
Dec-13,97,Niobrara,1325.47401,"42,65,273",4.75
Jan-14,96,Niobrara,1321.46479,"42,81,425",7.15
Feb-14,96,Niobrara,1317.05462,"42,74,039",9.11
Mar-14,98,Niobrara,1314.1729,"43,70,645",8.12
Apr-14,96,Niobrara,1313.21788,"44,46,692",5.11
May-14,94,Niobrara,1317.0293,"44,64,735",4.6
Jun-14,98,Niobrara,1326.35944,"44,53,598",5.32
Jul-14,100,Niobrara,1340.10742,"43,85,081",4.77
Aug-14,101,Niobrara,1358.57354,"45,70,248",3.87
Sep-14,105,Niobrara,1381.62844,"44,58,717",4.24
Oct-14,109,Niobrara,1409.74501,"45,71,871",3.87
Nov-14,107,Niobrara,1445.18366,"44,66,922",3.97
Dec-14,106,Niobrara,1484.46385,"44,57,548",4.44
Jan-15,95,Niobrara,1531.18012,"44,45,419",4.75
Feb-15,75,Niobrara,1587.4429,"45,38,470",5.46
Mar-15,56,Niobrara,1646.35347,"45,47,876",3.9
Apr-15,51,Niobrara,1715.07999,"45,59,357",2.59
May-15,50,Niobrara,1780.69015,"44,59,676",2.52
Jun-15,46,Niobrara,1847.49898,"45,38,947",2.56
Jul-15,46,Niobrara,1916.5875,"44,64,034",2.66
Aug-15,45,Niobrara,2002.48975,"45,51,362",2.74
Sep-15,42,Niobrara,2113.61252,"44,98,342",2.75
Oct-15,38,Niobrara,2256.08968,"45,88,041",3.23
Nov-15,35,Niobrara,2436.5011,"45,94,453",2.4
Dec-15,30,Niobrara,2631.28218,"45,21,555",2.28
Jan-16,27,Niobrara,2836.54896,"45,27,205",2.8
Feb-16,23,Niobrara,3034.76409,"44,51,195",2.43
Mar-16,18,Niobrara,3206.34769,"44,48,940",1.73
Apr-16,18,Niobrara,3370.37723,"44,67,151",1.61
May-16,16,Niobrara,3511.33368,"44,41,441",1.55
Jun-16,16,Niobrara,3639.30541,"43,63,255",1.9
Jul-16,20,Niobrara,3746.85369,"44,35,429",2.35
Aug-16,21,Niobrara,3846.66929,"45,04,539",2.42
Sep-16,23,Niobrara,3939.35041,"44,50,661",2.47
Oct-16,26,Niobrara,4020.73044,"45,24,551",2.59
Nov-16,28,Niobrara,4091.46654,"44,95,492",2.7
Dec-16,36,Niobrara,4139.84953,"44,25,672",3.5
Jan-17,38,Niobrara,4162.76626,"43,78,948",3.75
Feb-17,36,Niobrara,4170.67425,"44,25,310",3.14
Mar-17,37,Niobrara,4179.60152,"44,42,530",2.68
Apr-17,37,Niobrara,4187.1663,"44,20,785",2.64
May-17,41,Niobrara,4193.29324,"43,33,061",2.7
Jun-17,46,Niobrara,4200.23125,"44,05,529",2.62
Jul-17,47,Niobrara,4209.07671,"44,43,552",2.4
Aug-17,47,Niobrara,4221.32923,"45,17,411",2.38
Sep-17,44,Niobrara,4237.15911,"45,80,780",2.12
Oct-17,43,Niobrara,4255.99643,"46,43,192",2.05
Nov-17,43,Niobrara,4279.01412,"46,91,919",2.53
Dec-17,43,Niobrara,4304.52272,"47,35,569",3.26
Jan-18,44,Niobrara,4333.94656,"47,78,502",4.4
Jan-07,248,Permian,582.859569,"46,02,747",6.5
Feb-07,253,Permian,571.459516,"47,07,080",7.39
Mar-07,242,Permian,560.900623,"47,63,664",7.45
Apr-07,243,Permian,549.006448,"48,10,339",7.24
May-07,243,Permian,537.637171,"48,30,028",7.45
Jun-07,244,Permian,526.480719,"47,77,561",7.32
Jul-07,244,Permian,516.661648,"48,55,180",6.56
Aug-07,248,Permian,507.176787,"48,64,613",6
Sep-07,247,Permian,500.595572,"47,63,098",5.49
Oct-07,242,Permian,491.459876,"47,46,204",6.35
Nov-07,240,Permian,487.276542,"47,49,614",7.21
Dec-07,253,Permian,487.488114,"47,19,484",7.51
Jan-08,249,Permian,492.837451,"46,89,774",7.66
Feb-08,250,Permian,497.564941,"48,57,916",8.34
Mar-08,257,Permian,499.64597,"48,11,841",9.03
Apr-08,259,Permian,496.358112,"48,11,614",9.61
May-08,261,Permian,492.035304,"48,41,318",10.8
Jun-08,285,Permian,493.139245,"47,47,016",11.71
Jul-08,287,Permian,477.444405,"48,31,654",11.78
Aug-08,285,Permian,471.820626,"48,24,308",8.67
Sep-08,285,Permian,470.467196,"42,55,841",7.54
Oct-08,276,Permian,472.630409,"47,54,398",6.87
Nov-08,253,Permian,470.70912,"47,99,188",6.54
Dec-08,234,Permian,471.3314,"48,56,483",6.74
Jan-09,194,Permian,476.390493,"48,56,879",6.18
Feb-09,162,Permian,483.935017,"48,06,817",5.21
Mar-09,129,Permian,494.760992,"47,24,052",4.34
Apr-09,93,Permian,505.137363,"46,44,675",3.67
May-09,92,Permian,513.010307,"47,07,270",3.48
Jun-09,99,Permian,515.243948,"46,91,837",3.51
Jul-09,113,Permian,513.710377,"45,68,442",3.5
Aug-09,125,Permian,505.705832,"45,57,611",3.29
Sep-09,136,Permian,486.726739,"45,58,542",2.91
Oct-09,149,Permian,466.320851,"45,11,988",3.92
Nov-09,170,Permian,444.004796,"45,67,769",4.4
Dec-09,177,Permian,430.95208,"43,86,269",5.23
Jan-10,193,Permian,427.132204,"44,08,279",5.95
Feb-10,192,Permian,427.315519,"44,96,313",5.62
Mar-10,188,Permian,430.41168,"44,62,256",4.87
Apr-10,209,Permian,429.153137,"44,71,553",4.13
May-10,227,Permian,425.796062,"44,84,504",4.13
Jun-10,240,Permian,415.129941,"43,75,252",4.23
Jul-10,244,Permian,395.471288,"43,93,173",4.4
Aug-10,256,Permian,370.784601,"43,65,957",4.13
Sep-10,269,Permian,347.131409,"43,48,142",3.76
Oct-10,277,Permian,327.944845,"43,76,618",3.83
Nov-10,293,Permian,307.425653,"43,70,005",3.96
Dec-10,312,Permian,287.547711,"43,39,825",4.56
Jan-11,378,Permian,269.526206,"42,61,168",4.66
Feb-11,365,Permian,252.869424,"38,44,329",4.49
Mar-11,382,Permian,240.960004,"43,44,797",4.24
Apr-11,397,Permian,233.019283,"42,34,685",4.35
May-11,426,Permian,229.609084,"43,11,050",4.31
Jun-11,432,Permian,229.941247,"43,15,881",4.6
Jul-11,438,Permian,232.560161,"43,25,703",4.39
Aug-11,451,Permian,233.117809,"42,78,235",4.4
Sep-11,457,Permian,229.731218,"42,83,463",3.92
Oct-11,472,Permian,228.064312,"42,59,963",4.06
Nov-11,474,Permian,224.128559,"43,20,089",3.58
Dec-11,475,Permian,219.037193,"42,53,823",3.66
Jan-12,472,Permian,226.238638,"42,90,520",3.27
Feb-12,481,Permian,228.899961,"43,15,014",2.86
Mar-12,486,Permian,232.607508,"43,55,087",2.36
Apr-12,500,Permian,241.031675,"43,94,163",2.04
May-12,510,Permian,247.741551,"43,00,423",2.29
Jun-12,525,Permian,255.924184,"43,23,238",2.35
Jul-12,517,Permian,258.825391,"44,70,089",2.78
Aug-12,512,Permian,260.515229,"44,86,086",2.83
Sep-12,501,Permian,262.257572,"45,01,771",2.67
Oct-12,496,Permian,262.925064,"45,62,463",3.16
Nov-12,484,Permian,263.365317,"46,29,597",4.03
Dec-12,468,Permian,266.652516,"45,59,877",3.93
Jan-13,463,Permian,274.763679,"44,65,588",4.14
Feb-13,467,Permian,287.231877,"46,19,494",3.99
Mar-13,472,Permian,299.72213,"45,66,636",3.84
Apr-13,467,Permian,313.558907,"48,27,411",3.98
May-13,466,Permian,329.877154,"47,86,669",3.94
Jun-13,468,Permian,349.289353,"48,77,295",3.9
Jul-13,462,Permian,365.755429,"49,00,210",3.41
Aug-13,463,Permian,375.243924,"49,63,323",3.17
Sep-13,451,Permian,380.902132,"50,29,182",3.49
Oct-13,446,Permian,386.085295,"50,78,477",3.4
Nov-13,462,Permian,392.867326,"49,11,808",3.77
Dec-13,473,Permian,399.770223,"49,10,956",4.75
Jan-14,474,Permian,405.940969,"50,95,735",7.15
Feb-14,485,Permian,410.897748,"51,70,099",9.11
Mar-14,509,Permian,416.831215,"53,90,371",8.12
Apr-14,532,Permian,425.426791,"54,97,369",5.11
May-14,545,Permian,431.327163,"55,74,105",4.6
Jun-14,550,Permian,434.504157,"56,90,118",5.32
Jul-14,556,Permian,438.999082,"58,15,921",4.77
Aug-14,556,Permian,442.711637,"59,63,567",3.87
Sep-14,559,Permian,440.728866,"57,77,985",4.24
Oct-14,559,Permian,433.145502,"59,85,170",3.87
Nov-14,565,Permian,428.612591,"60,03,354",3.97
Dec-14,548,Permian,440.379415,"60,75,161",4.44
Jan-15,490,Permian,476.87252,"55,48,982",4.75
Feb-15,375,Permian,537.173714,"60,51,840",5.46
Mar-15,306,Permian,601.571019,"62,70,432",3.9
Apr-15,263,Permian,686.401529,"65,04,365",2.59
May-15,234,Permian,773.23665,"66,09,756",2.52
Jun-15,232,Permian,849.600901,"67,89,848",2.56
Jul-15,241,Permian,897.670383,"66,86,160",2.66
Aug-15,254,Permian,910.757815,"68,62,689",2.74
Sep-15,251,Permian,897.047035,"69,13,728",2.75
Oct-15,234,Permian,869.958649,"67,81,954",3.23
Nov-15,227,Permian,846.16313,"68,60,518",2.4
Dec-15,210,Permian,804.304656,"63,53,227",2.28
Jan-16,202,Permian,854.759025,"64,14,760",2.8
Feb-16,171,Permian,925.848642,"66,91,679",2.43
Mar-16,152,Permian,1036.72847,"68,16,003",1.73
Apr-16,139,Permian,1162.52438,"69,07,611",1.61
May-16,137,Permian,1301.49547,"69,63,970",1.55
Jun-16,145,Permian,1452.27454,"71,50,637",1.9
Jul-16,162,Permian,1434.14726,"72,98,847",2.35
Aug-16,187,Permian,1437.3811,"74,05,690",2.42
Sep-16,199,Permian,1398.22358,"73,53,712",2.47
Oct-16,206,Permian,1325.63633,"75,64,849",2.59
Nov-16,222,Permian,1239.60197,"75,53,790",2.7
Dec-16,252,Permian,1166.00795,"73,67,645",3.5
Jan-17,276,Permian,1121.77643,"73,06,688",3.75
Feb-17,300,Permian,1110.80061,"77,33,172",3.14
Mar-17,310,Permian,1110.83643,"77,91,975",2.68
Apr-17,337,Permian,1100.69321,"79,40,171",2.64
May-17,356,Permian,1084.65252,"82,91,139",2.7
Jun-17,366,Permian,1069.11688,"82,66,226",2.62
Jul-17,373,Permian,1060.29219,"84,98,943",2.4
Aug-17,377,Permian,1076.60483,"86,68,642",2.38
Sep-17,380,Permian,1092.26706,"88,45,340",2.12
Oct-17,381,Permian,1109.07202,"90,26,418",2.05
Nov-17,388,Permian,1130.34517,"92,12,187",2.53
Dec-17,398,Permian,1155.56426,"94,02,002",3.26
Jan-18,409,Permian,1170.56426,"95,98,619",4.4
