Month,Region,Rig Count,ProdPerRig,TotProd,OilPrice
1/1/2007,Anadarko,176.00,19.32,126398.04,58.17
2/1/2007,Anadarko,180.00,20.16,134177.22,61.78
3/1/2007,Anadarko,166.00,20.92,137515.51,65.94
4/1/2007,Anadarko,157.00,21.76,140625.72,65.78
5/1/2007,Anadarko,170.00,22.59,138404.55,64.02
6/1/2007,Anadarko,181.00,23.49,137444.78,70.47
7/1/2007,Anadarko,166.00,24.43,137475.95,78.20
8/1/2007,Anadarko,173.00,25.46,136551.04,73.98
9/1/2007,Anadarko,168.00,26.46,147882.27,81.64
10/1/2007,Anadarko,174.00,27.49,141932.05,94.16
11/1/2007,Anadarko,182.00,28.48,144123.54,88.60
12/1/2007,Anadarko,182.00,29.57,138383.59,95.95
1/1/2008,Anadarko,180.00,30.88,150175.62,91.67
2/1/2008,Anadarko,187.00,31.97,136588.55,101.78
3/1/2008,Anadarko,190.00,32.53,153897.59,101.54
4/1/2008,Anadarko,190.00,32.73,153388.06,113.70
5/1/2008,Anadarko,189.00,32.71,150163.38,127.35
6/1/2008,Anadarko,188.00,32.40,150642.32,139.96
7/1/2008,Anadarko,194.00,31.85,151318.78,124.17
8/1/2008,Anadarko,204.00,31.41,148579.57,115.55
9/1/2008,Anadarko,206.00,31.38,151109.57,100.70
10/1/2008,Anadarko,197.00,31.87,144861.75,68.10
11/1/2008,Anadarko,181.00,32.86,144482.50,55.21
12/1/2008,Anadarko,150.00,34.35,140013.26,44.60
1/1/2009,Anadarko,128.00,36.63,142279.58,41.73
2/1/2009,Anadarko,105.00,39.63,152977.69,44.15
3/1/2009,Anadarko,84.00,42.69,142412.11,49.64
4/1/2009,Anadarko,72.00,46.31,148691.71,50.35
5/1/2009,Anadarko,62.00,49.85,150122.99,66.31
6/1/2009,Anadarko,57.00,53.35,146812.63,69.82
7/1/2009,Anadarko,59.00,56.63,135785.21,69.26
8/1/2009,Anadarko,63.00,60.27,136524.84,69.97
9/1/2009,Anadarko,64.00,62.60,143158.37,70.46
10/1/2009,Anadarko,69.00,63.33,142941.05,77.04
11/1/2009,Anadarko,76.00,64.86,138310.34,77.19
12/1/2009,Anadarko,93.00,66.30,130869.53,79.39
1/1/2010,Anadarko,100.00,67.49,126697.13,72.85
2/1/2010,Anadarko,107.00,68.00,141421.46,79.72
3/1/2010,Anadarko,113.00,67.97,150584.18,83.45
4/1/2010,Anadarko,122.00,68.50,148353.32,86.07
5/1/2010,Anadarko,131.00,69.97,150437.28,74.00
6/1/2010,Anadarko,137.00,71.98,157605.23,75.59
7/1/2010,Anadarko,145.00,73.48,160035.58,78.85
8/1/2010,Anadarko,151.00,74.32,159838.14,71.93
9/1/2010,Anadarko,158.00,74.87,164403.01,79.95
10/1/2010,Anadarko,174.00,75.87,166504.36,81.45
11/1/2010,Anadarko,174.00,78.00,179848.67,84.12
12/1/2010,Anadarko,184.00,80.37,182678.06,91.38
1/1/2011,Anadarko,179.00,82.26,182951.24,90.99
2/1/2011,Anadarko,175.00,83.38,164482.80,97.10
3/1/2011,Anadarko,181.00,84.21,201754.01,106.19
4/1/2011,Anadarko,195.00,85.70,203002.26,113.39
5/1/2011,Anadarko,196.00,87.68,203390.80,102.70
6/1/2011,Anadarko,198.00,89.47,205953.22,95.30
7/1/2011,Anadarko,203.00,90.25,205098.63,95.68
8/1/2011,Anadarko,215.00,90.13,210046.74,88.81
9/1/2011,Anadarko,215.00,89.74,204489.12,78.93
10/1/2011,Anadarko,217.00,89.43,226947.30,93.19
11/1/2011,Anadarko,206.00,89.86,218683.85,100.36
12/1/2011,Anadarko,207.00,91.13,223316.06,98.83
1/1/2012,Anadarko,216.00,93.17,240878.14,98.46
2/1/2012,Anadarko,225.00,95.95,238569.90,107.08
3/1/2012,Anadarko,226.00,99.22,235389.42,103.03
4/1/2012,Anadarko,224.00,104.00,250443.95,104.89
5/1/2012,Anadarko,226.00,110.27,263875.12,86.52
6/1/2012,Anadarko,223.00,117.96,269988.48,85.04
7/1/2012,Anadarko,227.00,125.53,281298.86,88.08
8/1/2012,Anadarko,210.00,132.54,282546.27,94.61
9/1/2012,Anadarko,198.00,137.85,289179.03,92.18
10/1/2012,Anadarko,196.00,141.27,317509.73,86.23
11/1/2012,Anadarko,195.00,144.30,293731.24,88.54
12/1/2012,Anadarko,197.00,147.47,302978.82,91.83
1/1/2013,Anadarko,202.00,150.23,298258.50,97.65
2/1/2013,Anadarko,211.00,151.97,296656.36,92.03
3/1/2013,Anadarko,206.00,152.95,335916.58,97.24
4/1/2013,Anadarko,208.00,154.70,341028.79,93.22
5/1/2013,Anadarko,214.00,157.40,347935.17,91.93
6/1/2013,Anadarko,209.00,160.62,347529.48,96.36
7/1/2013,Anadarko,206.00,162.83,325577.37,105.10
8/1/2013,Anadarko,206.00,165.23,370955.38,107.98
9/1/2013,Anadarko,202.00,162.79,342231.62,102.36
10/1/2013,Anadarko,215.00,158.85,349498.74,96.29
11/1/2013,Anadarko,208.00,155.52,344290.69,92.55
12/1/2013,Anadarko,204.00,152.55,343564.98,98.17
1/1/2014,Anadarko,208.00,149.41,362611.69,97.55
2/1/2014,Anadarko,208.00,146.60,358763.09,102.88
3/1/2014,Anadarko,212.00,145.11,384676.19,101.57
4/1/2014,Anadarko,225.00,145.38,395006.45,100.07
5/1/2014,Anadarko,225.00,147.98,385361.86,103.40
6/1/2014,Anadarko,228.00,152.32,368574.47,106.07
7/1/2014,Anadarko,233.00,156.03,381807.28,98.23
8/1/2014,Anadarko,240.00,160.23,409148.08,97.86
9/1/2014,Anadarko,247.00,161.21,408627.69,91.17
10/1/2014,Anadarko,240.00,160.35,427589.20,80.53
11/1/2014,Anadarko,243.00,163.60,440415.18,65.94
12/1/2014,Anadarko,241.00,168.99,401244.10,53.45
1/1/2015,Anadarko,212.00,175.65,460229.66,47.79
2/1/2015,Anadarko,161.00,183.78,455490.11,49.84
3/1/2015,Anadarko,136.00,192.93,485720.85,47.72
4/1/2015,Anadarko,119.00,206.66,474044.60,59.62
5/1/2015,Anadarko,99.00,223.40,463436.19,60.25
6/1/2015,Anadarko,103.00,241.52,459952.27,59.48
7/1/2015,Anadarko,104.00,259.18,439553.02,47.11
8/1/2015,Anadarko,107.00,275.65,442161.38,49.20
9/1/2015,Anadarko,103.00,287.28,440655.49,45.06
10/1/2015,Anadarko,91.00,293.25,439968.02,46.60
11/1/2015,Anadarko,84.00,296.86,435795.37,40.43
12/1/2015,Anadarko,87.00,301.89,433240.06,37.13
1/1/2016,Anadarko,84.00,310.15,452093.44,33.66
2/1/2016,Anadarko,71.00,320.17,406960.15,32.74
3/1/2016,Anadarko,65.00,329.05,432662.32,36.94
4/1/2016,Anadarko,60.00,338.31,418266.41,45.98
5/1/2016,Anadarko,55.00,347.78,414754.86,49.10
6/1/2016,Anadarko,56.00,361.21,403214.49,48.27
7/1/2016,Anadarko,60.00,378.53,386780.77,41.54
8/1/2016,Anadarko,62.00,396.41,403768.70,44.68
9/1/2016,Anadarko,69.00,408.65,396397.13,47.72
10/1/2016,Anadarko,78.00,413.58,405483.84,46.83
11/1/2016,Anadarko,80.00,414.88,418868.30,49.41
12/1/2016,Anadarko,83.00,417.13,399787.77,53.75
1/1/2017,Anadarko,84.00,419.44,385040.69,52.75
2/1/2017,Anadarko,96.00,419.06,405994.04,54.00
3/1/2017,Anadarko,105.00,412.57,414444.17,50.54
4/1/2017,Anadarko,118.00,396.14,413484.00,49.31
5/1/2017,Anadarko,116.00,375.96,421342.27,48.29
6/1/2017,Anadarko,125.00,361.13,431183.66,46.02
7/1/2017,Anadarko,129.00,363.31,439407.23,50.21
8/1/2017,Anadarko,127.00,367.33,450171.49,47.26
9/1/2017,Anadarko,126.00,370.45,461515.96,51.67
10/1/2017,Anadarko,121.00,373.15,471144.81,54.36
11/1/2017,Anadarko,118.00,377.15,479468.07,57.40
12/1/2017,Anadarko,118.00,382.15,485047.72,60.46
1/1/2018,Anadarko,116.00,387.15,488488.36,64.82
2/1/2018,Anadarko,120.00,392.15,490870.80,61.43
1/1/2007,Appalachia,56.00,7.32,17734.77,58.17
2/1/2007,Appalachia,56.00,8.01,17724.36,61.78
3/1/2007,Appalachia,53.00,8.58,20127.94,65.94
4/1/2007,Appalachia,52.00,9.18,18548.60,65.78
5/1/2007,Appalachia,54.00,9.71,19858.07,64.02
6/1/2007,Appalachia,56.00,10.23,19045.65,70.47
7/1/2007,Appalachia,52.00,10.73,19715.90,78.20
8/1/2007,Appalachia,61.00,11.26,19591.07,73.98
9/1/2007,Appalachia,59.00,11.80,19900.06,81.64
10/1/2007,Appalachia,58.00,12.29,19906.67,94.16
11/1/2007,Appalachia,57.00,12.63,20326.55,88.60
12/1/2007,Appalachia,62.00,12.42,21221.45,95.95
1/1/2008,Appalachia,56.00,11.63,21598.07,91.67
2/1/2008,Appalachia,56.00,11.03,23272.06,101.78
3/1/2008,Appalachia,50.00,10.66,22637.20,101.54
4/1/2008,Appalachia,51.00,10.57,22147.81,113.70
5/1/2008,Appalachia,53.00,10.25,22247.20,127.35
6/1/2008,Appalachia,54.00,9.89,21851.61,139.96
7/1/2008,Appalachia,54.00,9.17,22238.74,124.17
8/1/2008,Appalachia,59.00,8.90,22576.47,115.55
9/1/2008,Appalachia,62.00,8.39,22643.23,100.70
10/1/2008,Appalachia,62.00,8.03,22537.63,68.10
11/1/2008,Appalachia,60.00,7.87,23291.90,55.21
12/1/2008,Appalachia,59.00,7.83,18094.39,44.60
1/1/2009,Appalachia,51.00,7.84,24000.00,41.73
2/1/2009,Appalachia,53.00,7.85,24000.00,44.15
3/1/2009,Appalachia,53.00,7.82,27000.00,49.64
4/1/2009,Appalachia,56.00,7.69,25000.00,50.35
5/1/2009,Appalachia,55.00,7.45,24000.00,66.31
6/1/2009,Appalachia,65.00,7.24,27000.00,69.82
7/1/2009,Appalachia,71.00,6.85,24000.00,69.26
8/1/2009,Appalachia,76.00,6.68,25000.00,69.97
9/1/2009,Appalachia,78.00,6.54,26000.00,70.46
10/1/2009,Appalachia,83.00,6.54,24000.00,77.04
11/1/2009,Appalachia,90.00,6.34,24000.00,77.19
12/1/2009,Appalachia,91.00,6.11,26000.00,79.39
1/1/2010,Appalachia,98.00,5.83,26000.00,72.85
2/1/2010,Appalachia,97.00,5.54,26000.00,79.72
3/1/2010,Appalachia,98.00,5.38,27000.00,83.45
4/1/2010,Appalachia,105.00,5.35,27000.00,86.07
5/1/2010,Appalachia,105.00,5.38,27000.00,74.00
6/1/2010,Appalachia,112.00,5.50,28000.00,75.59
7/1/2010,Appalachia,115.00,5.36,27000.00,78.85
8/1/2010,Appalachia,117.00,5.26,27000.00,71.93
9/1/2010,Appalachia,119.00,5.06,27000.00,79.95
10/1/2010,Appalachia,129.00,4.94,27000.00,81.45
11/1/2010,Appalachia,128.00,4.78,27000.00,84.12
12/1/2010,Appalachia,131.00,4.69,27000.00,91.38
1/1/2011,Appalachia,135.00,4.62,28000.00,90.99
2/1/2011,Appalachia,133.00,4.59,28000.00,97.10
3/1/2011,Appalachia,125.00,4.64,29000.00,106.19
4/1/2011,Appalachia,127.00,4.73,29000.00,113.39
5/1/2011,Appalachia,135.00,4.86,29000.00,102.70
6/1/2011,Appalachia,142.00,5.05,29000.00,95.30
7/1/2011,Appalachia,143.00,5.29,28000.00,95.68
8/1/2011,Appalachia,141.00,5.55,30000.00,88.81
9/1/2011,Appalachia,145.00,5.86,28000.00,78.93
10/1/2011,Appalachia,151.00,5.88,28000.00,93.19
11/1/2011,Appalachia,148.00,5.99,28000.00,100.36
12/1/2011,Appalachia,152.00,6.10,28000.00,98.83
1/1/2012,Appalachia,154.00,6.43,31000.00,98.46
2/1/2012,Appalachia,152.00,6.97,32000.00,107.08
3/1/2012,Appalachia,138.00,7.80,32000.00,103.03
4/1/2012,Appalachia,133.00,8.42,32000.00,104.89
5/1/2012,Appalachia,131.00,10.38,32000.00,86.52
6/1/2012,Appalachia,126.00,11.87,32000.00,85.04
7/1/2012,Appalachia,122.00,13.26,33000.00,88.08
8/1/2012,Appalachia,115.00,14.83,34000.00,94.61
9/1/2012,Appalachia,109.00,16.29,33000.00,92.18
10/1/2012,Appalachia,115.00,17.71,34000.00,86.23
11/1/2012,Appalachia,120.00,19.25,36000.00,88.54
12/1/2012,Appalachia,123.00,21.10,36000.00,91.83
1/1/2013,Appalachia,125.00,23.52,39000.00,97.65
2/1/2013,Appalachia,119.00,26.26,40000.00,92.03
3/1/2013,Appalachia,120.00,28.69,42000.00,97.24
4/1/2013,Appalachia,115.00,31.00,46000.00,93.22
5/1/2013,Appalachia,114.00,32.88,49000.00,91.93
6/1/2013,Appalachia,109.00,35.24,51000.00,96.36
7/1/2013,Appalachia,113.00,36.56,64000.00,105.10
8/1/2013,Appalachia,123.00,39.33,64000.00,107.98
9/1/2013,Appalachia,122.00,39.80,62000.00,102.36
10/1/2013,Appalachia,122.00,41.97,63000.00,96.29
11/1/2013,Appalachia,123.00,42.57,64000.00,92.55
12/1/2013,Appalachia,124.00,42.89,64000.00,98.17
1/1/2014,Appalachia,125.00,43.19,69000.00,97.55
2/1/2014,Appalachia,122.00,43.97,71000.00,102.88
3/1/2014,Appalachia,118.00,45.68,71000.00,101.57
4/1/2014,Appalachia,118.00,48.81,74000.00,100.07
5/1/2014,Appalachia,122.00,52.37,75000.00,103.40
6/1/2014,Appalachia,123.00,56.06,75000.00,106.07
7/1/2014,Appalachia,124.00,59.55,82000.00,98.23
8/1/2014,Appalachia,123.00,63.52,84000.00,97.86
9/1/2014,Appalachia,127.00,66.34,86000.00,91.17
10/1/2014,Appalachia,130.00,70.34,91000.00,80.53
11/1/2014,Appalachia,131.00,73.26,91000.00,65.94
12/1/2014,Appalachia,131.00,74.65,91000.00,53.45
1/1/2015,Appalachia,124.00,76.73,103000.00,47.79
2/1/2015,Appalachia,109.00,78.25,107000.00,49.84
3/1/2015,Appalachia,99.00,79.58,108000.00,47.72
4/1/2015,Appalachia,97.00,81.28,119000.00,59.62
5/1/2015,Appalachia,91.00,83.02,119000.00,60.25
6/1/2015,Appalachia,86.00,85.77,118000.00,59.48
7/1/2015,Appalachia,82.00,89.07,118000.00,47.11
8/1/2015,Appalachia,74.00,92.15,114000.00,49.20
9/1/2015,Appalachia,70.00,95.12,114000.00,45.06
10/1/2015,Appalachia,66.00,96.83,119000.00,46.60
11/1/2015,Appalachia,63.00,99.15,118000.00,40.43
12/1/2015,Appalachia,59.00,102.25,123000.00,37.13
1/1/2016,Appalachia,51.00,103.64,113000.00,33.66
2/1/2016,Appalachia,42.00,104.47,114000.00,32.74
3/1/2016,Appalachia,41.00,103.77,110000.00,36.94
4/1/2016,Appalachia,39.00,103.25,108000.00,45.98
5/1/2016,Appalachia,36.00,98.66,104000.00,49.10
6/1/2016,Appalachia,36.00,95.62,100000.00,48.27
7/1/2016,Appalachia,36.00,92.69,98000.00,41.54
8/1/2016,Appalachia,37.00,92.49,93000.00,44.68
9/1/2016,Appalachia,45.00,91.91,86000.00,47.72
10/1/2016,Appalachia,49.00,92.65,85000.00,46.83
11/1/2016,Appalachia,53.00,94.33,83000.00,49.41
12/1/2016,Appalachia,59.00,97.00,81000.00,53.75
1/1/2017,Appalachia,61.00,101.24,89000.00,52.75
2/1/2017,Appalachia,63.00,108.29,92000.00,54.00
3/1/2017,Appalachia,64.00,116.84,86000.00,50.54
4/1/2017,Appalachia,68.00,126.71,86000.00,49.31
5/1/2017,Appalachia,68.00,135.06,91000.00,48.29
6/1/2017,Appalachia,73.00,144.23,91000.00,46.02
7/1/2017,Appalachia,75.00,145.16,95000.00,50.21
8/1/2017,Appalachia,76.00,144.40,99000.00,47.26
9/1/2017,Appalachia,77.00,144.01,100000.00,51.67
10/1/2017,Appalachia,75.00,143.76,105000.00,54.36
11/1/2017,Appalachia,72.00,144.16,109000.00,57.40
12/1/2017,Appalachia,74.00,144.56,104000.00,60.46
1/1/2018,Appalachia,76.00,144.96,107157.83,64.82
2/1/2018,Appalachia,77.00,145.36,109686.07,61.43
1/1/2007,Bakken,45.00,111.35,132027.68,58.17
2/1/2007,Bakken,42.00,112.42,131832.79,61.78
3/1/2007,Bakken,44.00,113.30,133265.10,65.94
4/1/2007,Bakken,47.00,114.16,132782.93,65.78
5/1/2007,Bakken,46.00,114.91,137284.61,64.02
6/1/2007,Bakken,46.00,115.62,136141.33,70.47
7/1/2007,Bakken,53.00,116.31,138121.52,78.20
8/1/2007,Bakken,55.00,117.09,139600.90,73.98
9/1/2007,Bakken,50.00,118.01,140431.97,81.64
10/1/2007,Bakken,52.00,119.02,145072.00,94.16
11/1/2007,Bakken,54.00,119.96,143042.57,88.60
12/1/2007,Bakken,58.00,123.87,147262.10,95.95
1/1/2008,Bakken,55.00,130.86,147551.03,91.67
2/1/2008,Bakken,60.00,139.28,147277.93,101.78
3/1/2008,Bakken,63.00,148.22,152690.84,101.54
4/1/2008,Bakken,64.00,159.00,159543.97,113.70
5/1/2008,Bakken,70.00,171.00,166824.81,127.35
6/1/2008,Bakken,77.00,183.68,176895.50,139.96
7/1/2008,Bakken,75.00,194.00,181490.74,124.17
8/1/2008,Bakken,76.00,199.21,187637.90,115.55
9/1/2008,Bakken,77.00,198.77,201767.13,100.70
10/1/2008,Bakken,80.00,194.48,216974.74,68.10
11/1/2008,Bakken,90.00,188.44,228551.27,55.21
12/1/2008,Bakken,87.00,185.48,213858.81,44.60
1/1/2009,Bakken,73.00,190.15,198340.32,41.73
2/1/2009,Bakken,65.00,203.03,203940.57,44.15
3/1/2009,Bakken,51.00,219.95,208099.23,49.64
4/1/2009,Bakken,42.00,240.61,210145.20,50.35
5/1/2009,Bakken,35.00,262.01,217937.39,66.31
6/1/2009,Bakken,35.00,283.21,225931.33,69.82
7/1/2009,Bakken,40.00,302.30,237815.94,69.26
8/1/2009,Bakken,44.00,316.75,241439.23,69.97
9/1/2009,Bakken,47.00,324.94,247621.10,70.46
10/1/2009,Bakken,51.00,326.45,250619.06,77.04
11/1/2009,Bakken,60.00,320.25,254239.50,77.19
12/1/2009,Bakken,66.00,309.63,251186.52,79.39
1/1/2010,Bakken,74.00,295.32,248787.97,72.85
2/1/2010,Bakken,85.00,280.52,271109.82,79.72
3/1/2010,Bakken,97.00,270.21,286173.26,83.45
4/1/2010,Bakken,101.00,262.42,293407.57,86.07
5/1/2010,Bakken,103.00,258.16,308556.29,74.00
6/1/2010,Bakken,116.00,254.86,323633.30,75.59
7/1/2010,Bakken,124.00,251.24,332604.94,78.85
8/1/2010,Bakken,134.00,244.11,341579.74,71.93
9/1/2010,Bakken,132.00,233.21,356765.37,79.95
10/1/2010,Bakken,140.00,220.58,356481.97,81.45
11/1/2010,Bakken,143.00,207.62,370138.57,84.12
12/1/2010,Bakken,148.00,196.48,356257.68,91.38
1/1/2011,Bakken,155.00,188.32,353481.48,90.99
2/1/2011,Bakken,157.00,185.19,360347.21,97.10
3/1/2011,Bakken,161.00,186.63,372242.48,106.19
4/1/2011,Bakken,168.00,191.89,363156.77,113.39
5/1/2011,Bakken,169.00,200.71,375590.19,102.70
6/1/2011,Bakken,170.00,211.92,397634.90,95.30
7/1/2011,Bakken,166.00,223.87,438846.42,95.68
8/1/2011,Bakken,184.00,235.67,458196.52,88.81
9/1/2011,Bakken,192.00,245.68,476657.20,78.93
10/1/2011,Bakken,195.00,253.71,504403.61,93.19
11/1/2011,Bakken,194.00,260.43,525065.00,100.36
12/1/2011,Bakken,195.00,265.43,549244.97,98.83
1/1/2012,Bakken,197.00,268.75,561533.29,98.46
2/1/2012,Bakken,200.00,270.37,575122.41,107.08
3/1/2012,Bakken,213.00,271.09,595090.06,103.03
4/1/2012,Bakken,213.00,272.65,630703.87,104.89
5/1/2012,Bakken,216.00,275.92,662871.58,86.52
6/1/2012,Bakken,218.00,280.66,680929.83,85.04
7/1/2012,Bakken,214.00,285.61,698333.35,88.08
8/1/2012,Bakken,207.00,290.12,727414.48,94.61
9/1/2012,Bakken,201.00,293.79,752732.37,92.18
10/1/2012,Bakken,199.00,296.60,777151.65,86.23
11/1/2012,Bakken,193.00,299.14,763874.63,88.54
12/1/2012,Bakken,193.00,302.23,796356.55,91.83
1/1/2013,Bakken,192.00,307.19,766119.13,97.65
2/1/2013,Bakken,188.00,315.48,809685.86,92.03
3/1/2013,Bakken,185.00,325.96,816898.39,97.24
4/1/2013,Bakken,184.00,339.28,825217.70,93.22
5/1/2013,Bakken,183.00,353.08,841729.06,91.93
6/1/2013,Bakken,184.00,366.90,853685.53,96.36
7/1/2013,Bakken,181.00,377.98,906248.48,105.10
8/1/2013,Bakken,178.00,384.39,944469.23,107.98
9/1/2013,Bakken,178.00,386.17,965674.03,102.36
10/1/2013,Bakken,179.00,385.50,976655.32,96.29
11/1/2013,Bakken,174.00,384.21,1009659.53,92.55
12/1/2013,Bakken,180.00,383.98,960218.65,98.17
1/1/2014,Bakken,177.00,384.34,967548.77,97.55
2/1/2014,Bakken,174.00,385.90,982084.71,102.88
3/1/2014,Bakken,181.00,390.40,1005091.83,101.57
4/1/2014,Bakken,184.00,399.21,1034473.70,100.07
5/1/2014,Bakken,180.00,411.13,1067066.38,103.40
6/1/2014,Bakken,174.00,425.19,1121160.03,106.07
7/1/2014,Bakken,179.00,439.65,1146114.80,98.23
8/1/2014,Bakken,189.00,451.78,1163724.29,97.86
9/1/2014,Bakken,194.00,459.61,1217306.83,91.17
10/1/2014,Bakken,191.00,463.72,1216347.51,80.53
11/1/2014,Bakken,189.00,467.46,1221835.76,65.94
12/1/2014,Bakken,182.00,474.51,1263559.45,53.45
1/1/2015,Bakken,161.00,489.66,1223781.32,47.79
2/1/2015,Bakken,123.00,512.84,1213805.50,49.84
3/1/2015,Bakken,101.00,538.61,1224046.48,47.72
4/1/2015,Bakken,86.00,568.93,1204000.00,59.62
5/1/2015,Bakken,78.00,596.48,1232990.83,60.25
6/1/2015,Bakken,75.00,618.53,1239821.20,59.48
7/1/2015,Bakken,69.00,634.11,1235285.12,47.11
8/1/2015,Bakken,70.00,645.64,1214341.58,49.20
9/1/2015,Bakken,68.00,655.43,1187851.56,45.06
10/1/2015,Bakken,63.00,661.64,1196689.03,46.60
11/1/2015,Bakken,62.00,665.32,1204284.93,40.43
12/1/2015,Bakken,57.00,670.64,1174059.25,37.13
1/1/2016,Bakken,47.00,687.39,1140948.22,33.66
2/1/2016,Bakken,38.00,714.98,1138316.20,32.74
3/1/2016,Bakken,32.00,753.90,1129744.61,36.94
4/1/2016,Bakken,27.00,814.28,1059351.10,45.98
5/1/2016,Bakken,24.00,885.67,1064413.00,49.10
6/1/2016,Bakken,24.00,962.51,1044201.56,48.27
7/1/2016,Bakken,27.00,1032.31,1045902.80,41.54
8/1/2016,Bakken,28.00,1087.09,998358.26,44.68
9/1/2016,Bakken,28.00,1123.20,987123.77,47.72
10/1/2016,Bakken,31.00,1142.80,1058741.93,46.83
11/1/2016,Bakken,35.00,1145.35,1048562.93,49.41
12/1/2016,Bakken,32.00,1134.69,956593.81,53.75
1/1/2017,Bakken,34.00,1109.02,996579.58,52.75
2/1/2017,Bakken,36.00,1083.49,1046328.57,54.00
3/1/2017,Bakken,41.00,1073.10,1035984.70,50.54
4/1/2017,Bakken,43.00,1079.33,1060043.18,49.31
5/1/2017,Bakken,44.00,1107.29,1049669.81,48.29
6/1/2017,Bakken,49.00,1159.89,1042897.88,46.02
7/1/2017,Bakken,53.00,1188.22,1059147.20,50.21
8/1/2017,Bakken,52.00,1213.35,1098630.15,47.26
9/1/2017,Bakken,51.00,1241.05,1118661.35,51.67
10/1/2017,Bakken,50.00,1271.74,1195326.99,54.36
11/1/2017,Bakken,48.00,1306.35,1206367.46,57.40
12/1/2017,Bakken,48.00,1340.42,1187197.18,60.46
1/1/2018,Bakken,46.00,1374.06,1195380.49,64.82
2/1/2018,Bakken,49.00,1404.57,1204501.10,61.43
1/1/2007,Eagle Ford,51.00,43.78,53993.81,58.17
2/1/2007,Eagle Ford,56.00,42.61,56284.68,61.78
3/1/2007,Eagle Ford,58.00,41.53,54825.65,65.94
4/1/2007,Eagle Ford,56.00,40.32,56723.60,65.78
5/1/2007,Eagle Ford,55.00,39.13,56678.16,64.02
6/1/2007,Eagle Ford,60.00,37.89,54164.87,70.47
7/1/2007,Eagle Ford,63.00,36.65,53086.26,78.20
8/1/2007,Eagle Ford,60.00,35.31,52999.58,73.98
9/1/2007,Eagle Ford,60.00,33.90,54340.53,81.64
10/1/2007,Eagle Ford,53.00,32.50,52458.32,94.16
11/1/2007,Eagle Ford,56.00,31.98,53990.83,88.60
12/1/2007,Eagle Ford,58.00,31.60,53310.06,95.95
1/1/2008,Eagle Ford,55.00,31.89,53318.71,91.67
2/1/2008,Eagle Ford,49.00,31.50,53786.10,101.78
3/1/2008,Eagle Ford,60.00,31.15,55753.68,101.54
4/1/2008,Eagle Ford,67.00,30.93,54701.30,113.70
5/1/2008,Eagle Ford,71.00,31.93,54595.71,127.35
6/1/2008,Eagle Ford,64.00,33.07,54903.47,139.96
7/1/2008,Eagle Ford,64.00,34.51,53779.35,124.17
8/1/2008,Eagle Ford,68.00,34.12,54539.97,115.55
9/1/2008,Eagle Ford,67.00,33.58,53847.47,100.70
10/1/2008,Eagle Ford,73.00,32.79,57699.32,68.10
11/1/2008,Eagle Ford,72.00,32.65,58394.33,55.21
12/1/2008,Eagle Ford,62.00,32.73,57279.84,44.60
1/1/2009,Eagle Ford,46.00,32.84,55312.19,41.73
2/1/2009,Eagle Ford,39.00,32.83,55002.21,44.15
3/1/2009,Eagle Ford,37.00,33.02,53305.42,49.64
4/1/2009,Eagle Ford,37.00,33.93,53961.20,50.35
5/1/2009,Eagle Ford,32.00,36.03,50831.71,66.31
6/1/2009,Eagle Ford,30.00,39.50,49160.83,69.82
7/1/2009,Eagle Ford,34.00,43.30,48393.71,69.26
8/1/2009,Eagle Ford,39.00,47.15,47718.87,69.97
9/1/2009,Eagle Ford,46.00,50.25,49407.70,70.46
10/1/2009,Eagle Ford,43.00,53.83,50637.61,77.04
11/1/2009,Eagle Ford,46.00,58.60,53412.00,77.19
12/1/2009,Eagle Ford,62.00,64.25,53891.84,79.39
1/1/2010,Eagle Ford,64.00,70.50,54560.03,72.85
2/1/2010,Eagle Ford,76.00,76.17,55474.11,79.72
3/1/2010,Eagle Ford,89.00,80.52,61835.97,83.45
4/1/2010,Eagle Ford,96.00,84.73,64307.10,86.07
5/1/2010,Eagle Ford,98.00,89.15,69741.55,74.00
6/1/2010,Eagle Ford,104.00,94.50,77793.60,75.59
7/1/2010,Eagle Ford,119.00,101.84,82375.10,78.85
8/1/2010,Eagle Ford,131.00,109.32,86275.29,71.93
9/1/2010,Eagle Ford,140.00,120.28,95556.47,79.95
10/1/2010,Eagle Ford,149.00,128.22,102696.90,81.45
11/1/2010,Eagle Ford,145.00,136.45,118328.63,84.12
12/1/2010,Eagle Ford,143.00,145.58,139260.10,91.38
1/1/2011,Eagle Ford,155.00,156.21,142330.55,90.99
2/1/2011,Eagle Ford,157.00,167.97,153893.79,97.10
3/1/2011,Eagle Ford,157.00,179.24,174553.48,106.19
4/1/2011,Eagle Ford,171.00,190.99,189335.90,113.39
5/1/2011,Eagle Ford,179.00,201.40,212822.97,102.70
6/1/2011,Eagle Ford,195.00,211.45,230440.10,95.30
7/1/2011,Eagle Ford,206.00,220.79,263032.87,95.68
8/1/2011,Eagle Ford,236.00,229.76,296519.42,88.81
9/1/2011,Eagle Ford,242.00,241.20,330837.77,78.93
10/1/2011,Eagle Ford,237.00,246.72,357302.55,93.19
11/1/2011,Eagle Ford,239.00,255.40,397620.97,100.36
12/1/2011,Eagle Ford,247.00,262.83,424096.06,98.83
1/1/2012,Eagle Ford,251.00,273.51,454374.48,98.46
2/1/2012,Eagle Ford,249.00,282.08,482047.17,107.08
3/1/2012,Eagle Ford,265.00,289.15,506996.94,103.03
4/1/2012,Eagle Ford,269.00,296.58,552023.93,104.89
5/1/2012,Eagle Ford,279.00,302.44,587119.52,86.52
6/1/2012,Eagle Ford,274.00,309.86,613657.00,85.04
7/1/2012,Eagle Ford,270.00,319.01,645635.74,88.08
8/1/2012,Eagle Ford,268.00,327.66,690929.03,94.61
9/1/2012,Eagle Ford,262.00,336.37,698424.67,92.18
10/1/2012,Eagle Ford,260.00,341.52,742039.06,86.23
11/1/2012,Eagle Ford,259.00,354.76,776780.97,88.54
12/1/2012,Eagle Ford,261.00,369.42,811229.94,91.83
1/1/2013,Eagle Ford,258.00,389.04,846046.26,97.65
2/1/2013,Eagle Ford,258.00,411.02,893333.86,92.03
3/1/2013,Eagle Ford,251.00,430.75,932324.45,97.24
4/1/2013,Eagle Ford,257.00,450.96,947060.30,93.22
5/1/2013,Eagle Ford,258.00,467.87,1010905.09,91.93
6/1/2013,Eagle Ford,252.00,483.12,1066328.50,96.36
7/1/2013,Eagle Ford,257.00,498.12,1098628.54,105.10
8/1/2013,Eagle Ford,260.00,516.40,1116763.77,107.98
9/1/2013,Eagle Ford,261.00,525.25,1147885.03,102.36
10/1/2013,Eagle Ford,253.00,534.12,1138987.09,96.29
11/1/2013,Eagle Ford,256.00,541.55,1155559.13,92.55
12/1/2013,Eagle Ford,262.00,549.82,1221701.09,98.17
1/1/2014,Eagle Ford,260.00,560.89,1247517.51,97.55
2/1/2014,Eagle Ford,258.00,573.14,1292393.10,102.88
3/1/2014,Eagle Ford,261.00,583.30,1314405.38,101.57
4/1/2014,Eagle Ford,261.00,592.79,1384965.83,100.07
5/1/2014,Eagle Ford,260.00,601.46,1393207.25,103.40
6/1/2014,Eagle Ford,261.00,611.38,1463472.66,106.07
7/1/2014,Eagle Ford,261.00,623.01,1501932.00,98.23
8/1/2014,Eagle Ford,256.00,635.35,1519572.35,97.86
9/1/2014,Eagle Ford,257.00,651.43,1526872.80,91.17
10/1/2014,Eagle Ford,268.00,664.52,1555310.64,80.53
11/1/2014,Eagle Ford,264.00,678.37,1595281.73,65.94
12/1/2014,Eagle Ford,256.00,694.37,1681616.41,53.45
1/1/2015,Eagle Ford,235.00,715.14,1675492.96,47.79
2/1/2015,Eagle Ford,192.00,742.15,1704476.00,49.84
3/1/2015,Eagle Ford,157.00,769.27,1717963.67,47.72
4/1/2015,Eagle Ford,137.00,802.10,1666504.00,59.62
5/1/2015,Eagle Ford,121.00,835.69,1632470.00,60.25
6/1/2015,Eagle Ford,112.00,873.39,1581986.23,59.48
7/1/2015,Eagle Ford,110.00,913.55,1585349.67,47.11
8/1/2015,Eagle Ford,108.00,955.20,1528200.12,49.20
9/1/2015,Eagle Ford,99.00,999.95,1512020.10,45.06
10/1/2015,Eagle Ford,90.00,1021.54,1507883.41,46.60
11/1/2015,Eagle Ford,83.00,1048.79,1476876.56,40.43
12/1/2015,Eagle Ford,87.00,1080.29,1479750.90,37.13
1/1/2016,Eagle Ford,76.00,1104.68,1442512.96,33.66
2/1/2016,Eagle Ford,59.00,1145.14,1392423.58,32.74
3/1/2016,Eagle Ford,47.00,1189.10,1344728.00,36.94
4/1/2016,Eagle Ford,42.00,1222.71,1309757.90,45.98
5/1/2016,Eagle Ford,32.00,1288.66,1253528.06,49.10
6/1/2016,Eagle Ford,33.00,1345.00,1222622.93,48.27
7/1/2016,Eagle Ford,36.00,1404.94,1199398.54,41.54
8/1/2016,Eagle Ford,40.00,1459.56,1174529.41,44.68
9/1/2016,Eagle Ford,40.00,1508.26,1177860.20,47.72
10/1/2016,Eagle Ford,35.00,1565.15,1171217.67,46.83
11/1/2016,Eagle Ford,39.00,1532.31,1166413.06,49.41
12/1/2016,Eagle Ford,47.00,1506.34,1166003.48,53.75
1/1/2017,Eagle Ford,57.00,1457.65,1174034.74,52.75
2/1/2017,Eagle Ford,69.00,1390.05,1190250.50,54.00
3/1/2017,Eagle Ford,80.00,1317.66,1184596.87,50.54
4/1/2017,Eagle Ford,89.00,1232.73,1173466.00,49.31
5/1/2017,Eagle Ford,98.00,1153.24,1179833.25,48.29
6/1/2017,Eagle Ford,96.00,1088.94,1172116.90,46.02
7/1/2017,Eagle Ford,90.00,1047.23,1181413.76,50.21
8/1/2017,Eagle Ford,87.00,1070.57,1052455.85,47.26
9/1/2017,Eagle Ford,83.00,1098.33,1158886.89,51.67
10/1/2017,Eagle Ford,78.00,1127.12,1247390.77,54.36
11/1/2017,Eagle Ford,77.00,1160.66,1259219.72,57.40
12/1/2017,Eagle Ford,80.00,1198.03,1266730.01,60.46
1/1/2018,Eagle Ford,79.00,1242.53,1275322.90,64.82
2/1/2018,Eagle Ford,81.00,1293.38,1290610.00,61.43
1/1/2007,Haynesville,170.00,6.32,60138.03,58.17
2/1/2007,Haynesville,179.00,6.47,60804.04,61.78
3/1/2007,Haynesville,179.00,6.60,61462.29,65.94
4/1/2007,Haynesville,186.00,6.76,60344.60,65.78
5/1/2007,Haynesville,184.00,6.91,59192.87,64.02
6/1/2007,Haynesville,179.00,7.07,58216.63,70.47
7/1/2007,Haynesville,188.00,7.22,57073.65,78.20
8/1/2007,Haynesville,189.00,7.37,57737.65,73.98
9/1/2007,Haynesville,182.00,7.51,58030.07,81.64
10/1/2007,Haynesville,181.00,7.64,59603.10,94.16
11/1/2007,Haynesville,184.00,7.78,60954.40,88.60
12/1/2007,Haynesville,186.00,7.96,60581.35,95.95
1/1/2008,Haynesville,175.00,7.92,62953.52,91.67
2/1/2008,Haynesville,176.00,7.90,62857.83,101.78
3/1/2008,Haynesville,178.00,7.80,61552.84,101.54
4/1/2008,Haynesville,179.00,7.69,62643.27,113.70
5/1/2008,Haynesville,190.00,7.31,60866.00,127.35
6/1/2008,Haynesville,199.00,7.00,60759.57,139.96
7/1/2008,Haynesville,199.00,6.67,60068.26,124.17
8/1/2008,Haynesville,222.00,6.44,58887.23,115.55
9/1/2008,Haynesville,240.00,6.16,54716.33,100.70
10/1/2008,Haynesville,239.00,5.87,60379.19,68.10
11/1/2008,Haynesville,244.00,5.57,60193.07,55.21
12/1/2008,Haynesville,230.00,5.29,60972.03,44.60
1/1/2009,Haynesville,210.00,5.07,61858.10,41.73
2/1/2009,Haynesville,182.00,4.95,59663.36,44.15
3/1/2009,Haynesville,156.00,4.94,59847.19,49.64
4/1/2009,Haynesville,146.00,4.96,58572.87,50.35
5/1/2009,Haynesville,136.00,4.96,56753.94,66.31
6/1/2009,Haynesville,126.00,4.90,55114.00,69.82
7/1/2009,Haynesville,133.00,4.80,53409.45,69.26
8/1/2009,Haynesville,148.00,4.73,53907.81,69.97
9/1/2009,Haynesville,154.00,4.65,54677.20,70.46
10/1/2009,Haynesville,161.00,4.71,52698.94,77.04
11/1/2009,Haynesville,175.00,4.66,54077.33,77.19
12/1/2009,Haynesville,188.00,4.50,54045.87,79.39
1/1/2010,Haynesville,211.00,4.34,52409.97,72.85
2/1/2010,Haynesville,230.00,4.09,53522.00,79.72
3/1/2010,Haynesville,234.00,3.83,55310.42,83.45
4/1/2010,Haynesville,237.00,3.57,53474.53,86.07
5/1/2010,Haynesville,231.00,3.40,52759.10,74.00
6/1/2010,Haynesville,231.00,3.26,51054.03,75.59
7/1/2010,Haynesville,234.00,3.23,49954.68,78.85
8/1/2010,Haynesville,228.00,3.11,50201.32,71.93
9/1/2010,Haynesville,220.00,3.05,49804.70,79.95
10/1/2010,Haynesville,217.00,2.95,50004.68,81.45
11/1/2010,Haynesville,212.00,2.93,51360.07,84.12
12/1/2010,Haynesville,200.00,2.97,51592.45,91.38
1/1/2011,Haynesville,166.00,2.99,50664.87,90.99
2/1/2011,Haynesville,167.00,3.00,50675.50,97.10
3/1/2011,Haynesville,163.00,3.01,51331.03,106.19
4/1/2011,Haynesville,161.00,3.05,49911.20,113.39
5/1/2011,Haynesville,154.00,3.15,50691.03,102.70
6/1/2011,Haynesville,145.00,3.34,48637.90,95.30
7/1/2011,Haynesville,140.00,3.66,48048.58,95.68
8/1/2011,Haynesville,137.00,4.10,47118.19,88.81
9/1/2011,Haynesville,136.00,4.48,47049.50,78.93
10/1/2011,Haynesville,138.00,5.22,47937.77,93.19
11/1/2011,Haynesville,130.00,5.88,50297.53,100.36
12/1/2011,Haynesville,120.00,6.54,54559.87,98.83
1/1/2012,Haynesville,115.00,7.69,52673.84,98.46
2/1/2012,Haynesville,98.00,9.11,53088.24,107.08
3/1/2012,Haynesville,86.00,10.77,52685.74,103.03
4/1/2012,Haynesville,75.00,12.34,52368.53,104.89
5/1/2012,Haynesville,67.00,14.83,51517.65,86.52
6/1/2012,Haynesville,60.00,17.02,50693.53,85.04
7/1/2012,Haynesville,54.00,19.10,50997.00,88.08
8/1/2012,Haynesville,50.00,21.49,51070.58,94.61
9/1/2012,Haynesville,47.00,23.47,52316.67,92.18
10/1/2012,Haynesville,42.00,25.04,53709.42,86.23
11/1/2012,Haynesville,44.00,26.25,54658.63,88.54
12/1/2012,Haynesville,45.00,26.90,53467.39,91.83
1/1/2013,Haynesville,48.00,27.08,56240.23,97.65
2/1/2013,Haynesville,45.00,26.70,57178.50,92.03
3/1/2013,Haynesville,46.00,26.08,56468.06,97.24
4/1/2013,Haynesville,44.00,25.17,56270.70,93.22
5/1/2013,Haynesville,41.00,24.18,54450.71,91.93
6/1/2013,Haynesville,43.00,22.85,53568.10,96.36
7/1/2013,Haynesville,44.00,21.90,53194.81,105.10
8/1/2013,Haynesville,47.00,20.42,53355.42,107.98
9/1/2013,Haynesville,46.00,19.94,52182.83,102.36
10/1/2013,Haynesville,46.00,19.38,54724.00,96.29
11/1/2013,Haynesville,47.00,19.57,54340.90,92.55
12/1/2013,Haynesville,47.00,20.37,54642.35,98.17
1/1/2014,Haynesville,51.00,20.86,54111.48,97.55
2/1/2014,Haynesville,52.00,21.34,55407.14,102.88
3/1/2014,Haynesville,54.00,21.75,56158.90,101.57
4/1/2014,Haynesville,53.00,22.20,55871.77,100.07
5/1/2014,Haynesville,52.00,22.75,55590.06,103.40
6/1/2014,Haynesville,49.00,23.64,56837.63,106.07
7/1/2014,Haynesville,48.00,24.39,55964.16,98.23
8/1/2014,Haynesville,52.00,25.44,56458.10,97.86
9/1/2014,Haynesville,55.00,25.43,56991.77,91.17
10/1/2014,Haynesville,52.00,25.53,57396.39,80.53
11/1/2014,Haynesville,49.00,25.13,57536.77,65.94
12/1/2014,Haynesville,50.00,24.76,57624.45,53.45
1/1/2015,Haynesville,52.00,24.74,56785.23,47.79
2/1/2015,Haynesville,49.00,24.78,56089.07,49.84
3/1/2015,Haynesville,41.00,24.67,55524.00,47.72
4/1/2015,Haynesville,32.00,24.45,54500.53,59.62
5/1/2015,Haynesville,29.00,24.34,52274.58,60.25
6/1/2015,Haynesville,28.00,24.55,52553.53,59.48
7/1/2015,Haynesville,31.00,24.87,51271.00,47.11
8/1/2015,Haynesville,37.00,25.14,50339.71,49.20
9/1/2015,Haynesville,35.00,25.76,50668.77,45.06
10/1/2015,Haynesville,29.00,26.21,49644.23,46.60
11/1/2015,Haynesville,33.00,27.04,50271.90,40.43
12/1/2015,Haynesville,33.00,27.68,50636.32,37.13
1/1/2016,Haynesville,26.00,28.28,50316.26,33.66
2/1/2016,Haynesville,18.00,28.57,49037.41,32.74
3/1/2016,Haynesville,17.00,28.66,46722.65,36.94
4/1/2016,Haynesville,16.00,29.05,46216.80,45.98
5/1/2016,Haynesville,17.00,28.13,44918.39,49.10
6/1/2016,Haynesville,20.00,27.47,44044.20,48.27
7/1/2016,Haynesville,19.00,26.88,43081.00,41.54
8/1/2016,Haynesville,19.00,26.52,43535.29,44.68
9/1/2016,Haynesville,17.00,26.20,43847.53,47.72
10/1/2016,Haynesville,20.00,25.72,44276.10,46.83
11/1/2016,Haynesville,24.00,24.92,44412.67,49.41
12/1/2016,Haynesville,29.00,24.21,44067.26,53.75
1/1/2017,Haynesville,32.00,23.89,44618.35,52.75
2/1/2017,Haynesville,37.00,23.96,45499.61,54.00
3/1/2017,Haynesville,42.00,24.10,44310.68,50.54
4/1/2017,Haynesville,44.00,24.20,43813.90,49.31
5/1/2017,Haynesville,46.00,24.19,42194.97,48.29
6/1/2017,Haynesville,46.00,24.14,42254.00,46.02
7/1/2017,Haynesville,48.00,24.09,41909.26,50.21
8/1/2017,Haynesville,48.00,24.03,41244.52,47.26
9/1/2017,Haynesville,49.00,23.97,41685.17,51.67
10/1/2017,Haynesville,48.00,23.91,42081.38,54.36
11/1/2017,Haynesville,45.00,23.84,42094.60,57.40
12/1/2017,Haynesville,50.00,23.77,42056.12,60.46
1/1/2018,Haynesville,50.00,23.69,41915.94,64.82
2/1/2018,Haynesville,54.00,23.61,41861.79,61.43
1/1/2007,Niobrara,107.00,35.07,112966.55,58.17
2/1/2007,Niobrara,104.00,34.86,116343.75,61.78
3/1/2007,Niobrara,109.00,34.66,123216.77,65.94
4/1/2007,Niobrara,113.00,34.42,128005.00,65.78
5/1/2007,Niobrara,108.00,34.20,127055.00,64.02
6/1/2007,Niobrara,108.00,33.97,125829.10,70.47
7/1/2007,Niobrara,109.00,33.77,124780.65,78.20
8/1/2007,Niobrara,115.00,33.58,127346.90,73.98
9/1/2007,Niobrara,119.00,33.43,125809.50,81.64
10/1/2007,Niobrara,117.00,33.32,130118.81,94.16
11/1/2007,Niobrara,118.00,33.21,130359.67,88.60
12/1/2007,Niobrara,111.00,33.05,123294.97,95.95
1/1/2008,Niobrara,101.00,33.39,122843.52,91.67
2/1/2008,Niobrara,114.00,33.88,127936.93,101.78
3/1/2008,Niobrara,117.00,34.51,131708.71,101.54
4/1/2008,Niobrara,120.00,35.52,133505.00,113.70
5/1/2008,Niobrara,120.00,36.77,132074.87,127.35
6/1/2008,Niobrara,112.00,38.13,133400.17,139.96
7/1/2008,Niobrara,114.00,39.33,132221.13,124.17
8/1/2008,Niobrara,118.00,40.37,133278.77,115.55
9/1/2008,Niobrara,118.00,41.08,140743.00,100.70
10/1/2008,Niobrara,118.00,41.60,137601.68,68.10
11/1/2008,Niobrara,127.00,42.16,138837.43,55.21
12/1/2008,Niobrara,112.00,43.08,132605.94,44.60
1/1/2009,Niobrara,91.00,44.76,135139.84,41.73
2/1/2009,Niobrara,69.00,47.41,137946.79,44.15
3/1/2009,Niobrara,58.00,50.45,134436.97,49.64
4/1/2009,Niobrara,52.00,54.56,131203.43,50.35
5/1/2009,Niobrara,45.00,58.75,132399.74,66.31
6/1/2009,Niobrara,46.00,62.98,133585.77,69.82
7/1/2009,Niobrara,46.00,67.76,129868.06,69.26
8/1/2009,Niobrara,45.00,73.54,131435.58,69.97
9/1/2009,Niobrara,46.00,79.79,132955.17,70.46
10/1/2009,Niobrara,39.00,85.74,130739.32,77.04
11/1/2009,Niobrara,40.00,91.33,136169.57,77.19
12/1/2009,Niobrara,43.00,95.82,129221.00,79.39
1/1/2010,Niobrara,45.00,99.25,136170.87,72.85
2/1/2010,Niobrara,48.00,101.47,140188.39,79.72
3/1/2010,Niobrara,51.00,102.73,141986.10,83.45
4/1/2010,Niobrara,51.00,103.29,141431.53,86.07
5/1/2010,Niobrara,52.00,103.02,144426.61,74.00
6/1/2010,Niobrara,51.00,102.22,140889.97,75.59
7/1/2010,Niobrara,56.00,100.53,136830.13,78.85
8/1/2010,Niobrara,68.00,98.33,146307.65,71.93
9/1/2010,Niobrara,67.00,95.95,149835.70,79.95
10/1/2010,Niobrara,71.00,94.05,149294.65,81.45
11/1/2010,Niobrara,77.00,93.08,150311.70,84.12
12/1/2010,Niobrara,75.00,92.76,151346.65,91.38
1/1/2011,Niobrara,78.00,92.79,145431.87,90.99
2/1/2011,Niobrara,76.00,93.69,151415.75,97.10
3/1/2011,Niobrara,82.00,95.32,159771.97,106.19
4/1/2011,Niobrara,81.00,98.14,164052.33,113.39
5/1/2011,Niobrara,82.00,101.58,163091.94,102.70
6/1/2011,Niobrara,85.00,105.45,165464.33,95.30
7/1/2011,Niobrara,85.00,109.05,164909.84,95.68
8/1/2011,Niobrara,85.00,112.37,168894.39,88.81
9/1/2011,Niobrara,90.00,115.56,171492.10,78.93
10/1/2011,Niobrara,93.00,118.88,174230.65,93.19
11/1/2011,Niobrara,95.00,122.98,178272.67,100.36
12/1/2011,Niobrara,95.00,128.10,178966.32,98.83
1/1/2012,Niobrara,88.00,134.88,178208.90,98.46
2/1/2012,Niobrara,83.00,142.84,185368.24,107.08
3/1/2012,Niobrara,81.00,150.55,190892.39,103.03
4/1/2012,Niobrara,80.00,159.72,184418.43,104.89
5/1/2012,Niobrara,81.00,169.72,194949.19,86.52
6/1/2012,Niobrara,83.00,180.78,189453.80,85.04
7/1/2012,Niobrara,82.00,191.59,197064.00,88.08
8/1/2012,Niobrara,82.00,202.25,201014.45,94.61
9/1/2012,Niobrara,79.00,212.44,208547.23,92.18
10/1/2012,Niobrara,81.00,222.03,222234.13,86.23
11/1/2012,Niobrara,77.00,231.04,231237.13,88.54
12/1/2012,Niobrara,77.00,239.07,233999.65,91.83
1/1/2013,Niobrara,76.00,246.99,227931.71,97.65
2/1/2013,Niobrara,80.00,253.88,240553.50,92.03
3/1/2013,Niobrara,80.00,259.37,247006.55,97.24
4/1/2013,Niobrara,82.00,265.40,250220.80,93.22
5/1/2013,Niobrara,82.00,271.83,252500.90,91.93
6/1/2013,Niobrara,86.00,278.47,256078.80,96.36
7/1/2013,Niobrara,93.00,284.11,259876.52,105.10
8/1/2013,Niobrara,94.00,289.69,278976.10,107.98
9/1/2013,Niobrara,96.00,294.71,282682.27,102.36
10/1/2013,Niobrara,96.00,300.18,300982.58,96.29
11/1/2013,Niobrara,100.00,307.30,312922.17,92.55
12/1/2013,Niobrara,97.00,316.30,299317.71,98.17
1/1/2014,Niobrara,96.00,326.68,305924.26,97.55
2/1/2014,Niobrara,96.00,337.71,313553.29,102.88
3/1/2014,Niobrara,98.00,347.67,337197.26,101.57
4/1/2014,Niobrara,96.00,359.13,348160.60,100.07
5/1/2014,Niobrara,94.00,370.31,369140.35,103.40
6/1/2014,Niobrara,98.00,382.25,383666.97,106.07
7/1/2014,Niobrara,100.00,393.84,390788.97,98.23
8/1/2014,Niobrara,101.00,405.17,408753.97,97.86
9/1/2014,Niobrara,105.00,416.72,411724.23,91.17
10/1/2014,Niobrara,109.00,429.85,434302.16,80.53
11/1/2014,Niobrara,107.00,446.22,432116.10,65.94
12/1/2014,Niobrara,106.00,466.65,456222.10,53.45
1/1/2015,Niobrara,95.00,492.28,465257.03,47.79
2/1/2015,Niobrara,75.00,522.31,476531.75,49.84
3/1/2015,Niobrara,56.00,550.66,488077.06,47.72
4/1/2015,Niobrara,51.00,582.78,497198.57,59.62
5/1/2015,Niobrara,50.00,614.72,489928.19,60.25
6/1/2015,Niobrara,46.00,647.53,479474.87,59.48
7/1/2015,Niobrara,46.00,676.33,486159.90,47.11
8/1/2015,Niobrara,45.00,703.09,491395.06,49.20
9/1/2015,Niobrara,42.00,726.77,477056.40,45.06
10/1/2015,Niobrara,38.00,747.56,490233.35,46.60
11/1/2015,Niobrara,35.00,772.92,486631.20,40.43
12/1/2015,Niobrara,30.00,812.00,474104.84,37.13
1/1/2016,Niobrara,27.00,869.47,466220.23,33.66
2/1/2016,Niobrara,23.00,936.82,455476.10,32.74
3/1/2016,Niobrara,18.00,997.40,444339.03,36.94
4/1/2016,Niobrara,18.00,1056.33,438609.47,45.98
5/1/2016,Niobrara,16.00,1105.27,428501.23,49.10
6/1/2016,Niobrara,16.00,1145.15,421159.00,48.27
7/1/2016,Niobrara,20.00,1168.40,433771.90,41.54
8/1/2016,Niobrara,21.00,1181.19,431298.35,44.68
9/1/2016,Niobrara,23.00,1183.91,427102.57,47.72
10/1/2016,Niobrara,26.00,1177.18,429982.45,46.83
11/1/2016,Niobrara,28.00,1154.79,425390.77,49.41
12/1/2016,Niobrara,36.00,1120.91,409546.55,53.75
1/1/2017,Niobrara,38.00,1080.10,402251.65,52.75
2/1/2017,Niobrara,36.00,1045.34,408706.71,54.00
3/1/2017,Niobrara,37.00,1025.57,427269.10,50.54
4/1/2017,Niobrara,37.00,1038.73,447360.93,49.31
5/1/2017,Niobrara,41.00,1049.96,449289.84,48.29
6/1/2017,Niobrara,46.00,1061.46,441084.03,46.02
7/1/2017,Niobrara,47.00,1073.80,465078.06,50.21
8/1/2017,Niobrara,47.00,1088.14,498005.77,47.26
9/1/2017,Niobrara,44.00,1104.11,533098.13,51.67
10/1/2017,Niobrara,43.00,1120.89,546495.89,54.36
11/1/2017,Niobrara,43.00,1138.96,555855.89,57.40
12/1/2017,Niobrara,43.00,1156.62,563398.60,60.46
1/1/2018,Niobrara,44.00,1174.70,570229.64,64.82
2/1/2018,Niobrara,49.00,1192.48,576342.35,61.43
1/1/2007,Permian,248.00,55.21,842782.16,58.17
2/1/2007,Permian,253.00,55.43,857277.11,61.78
3/1/2007,Permian,242.00,55.65,851889.52,65.94
4/1/2007,Permian,243.00,55.89,853187.07,65.78
5/1/2007,Permian,243.00,56.16,843557.32,64.02
6/1/2007,Permian,244.00,56.44,834049.53,70.47
7/1/2007,Permian,244.00,56.65,842655.10,78.20
8/1/2007,Permian,248.00,56.83,843724.71,73.98
9/1/2007,Permian,247.00,57.08,845309.03,81.64
10/1/2007,Permian,242.00,57.53,850877.74,94.16
11/1/2007,Permian,240.00,58.19,857459.70,88.60
12/1/2007,Permian,253.00,59.12,862305.03,95.95
1/1/2008,Permian,249.00,60.68,862372.52,91.67
2/1/2008,Permian,250.00,62.61,870697.86,101.78
3/1/2008,Permian,257.00,64.26,871941.52,101.54
4/1/2008,Permian,259.00,65.86,867329.00,113.70
5/1/2008,Permian,261.00,67.07,864681.06,127.35
6/1/2008,Permian,285.00,68.04,857004.63,139.96
7/1/2008,Permian,287.00,68.68,873954.97,124.17
8/1/2008,Permian,285.00,69.46,875537.87,115.55
9/1/2008,Permian,285.00,71.31,853393.27,100.70
10/1/2008,Permian,276.00,74.09,890845.13,68.10
11/1/2008,Permian,253.00,77.72,904349.27,55.21
12/1/2008,Permian,234.00,82.46,902743.42,44.60
1/1/2009,Permian,194.00,88.42,902237.00,41.73
2/1/2009,Permian,162.00,94.68,904665.71,44.15
3/1/2009,Permian,129.00,100.45,900338.71,49.64
4/1/2009,Permian,93.00,107.46,885912.43,50.35
5/1/2009,Permian,92.00,114.59,876697.71,66.31
6/1/2009,Permian,99.00,120.86,864487.30,69.82
7/1/2009,Permian,113.00,125.56,854932.00,69.26
8/1/2009,Permian,125.00,128.78,862318.97,69.97
9/1/2009,Permian,136.00,129.89,872086.80,70.46
10/1/2009,Permian,149.00,130.14,876836.74,77.04
11/1/2009,Permian,170.00,129.42,888789.87,77.19
12/1/2009,Permian,177.00,128.65,876471.71,79.39
1/1/2010,Permian,193.00,128.68,886428.97,72.85
2/1/2010,Permian,192.00,130.02,907034.93,79.72
3/1/2010,Permian,188.00,132.30,907766.16,83.45
4/1/2010,Permian,209.00,134.47,902091.43,86.07
5/1/2010,Permian,227.00,135.61,911274.48,74.00
6/1/2010,Permian,240.00,135.81,904328.77,75.59
7/1/2010,Permian,244.00,134.55,918168.97,78.85
8/1/2010,Permian,256.00,132.46,923492.71,71.93
9/1/2010,Permian,269.00,129.46,931128.13,79.95
10/1/2010,Permian,277.00,125.27,950236.06,81.45
11/1/2010,Permian,293.00,120.02,964715.90,84.12
12/1/2010,Permian,312.00,116.13,972083.87,91.38
1/1/2011,Permian,378.00,113.63,979560.90,90.99
2/1/2011,Permian,365.00,110.93,902882.93,97.10
3/1/2011,Permian,382.00,107.89,992124.48,106.19
4/1/2011,Permian,397.00,104.98,988974.27,113.39
5/1/2011,Permian,426.00,103.74,1000577.74,102.70
6/1/2011,Permian,432.00,104.03,1001508.26,95.30
7/1/2011,Permian,438.00,105.22,1009652.77,95.68
8/1/2011,Permian,451.00,105.96,1028774.22,88.81
9/1/2011,Permian,457.00,106.20,1040974.03,78.93
10/1/2011,Permian,472.00,106.88,1063907.58,93.19
11/1/2011,Permian,474.00,108.11,1095107.10,100.36
12/1/2011,Permian,475.00,109.61,1095060.77,98.83
1/1/2012,Permian,472.00,111.41,1110233.93,98.46
2/1/2012,Permian,481.00,113.44,1128333.06,107.08
3/1/2012,Permian,486.00,115.36,1139295.48,103.03
4/1/2012,Permian,500.00,117.86,1152942.33,104.89
5/1/2012,Permian,510.00,120.87,1158268.00,86.52
6/1/2012,Permian,525.00,123.84,1166705.43,85.04
7/1/2012,Permian,517.00,126.06,1192676.32,88.08
8/1/2012,Permian,512.00,127.27,1200851.80,94.61
9/1/2012,Permian,501.00,127.68,1224288.86,92.18
10/1/2012,Permian,496.00,127.75,1247774.32,86.23
11/1/2012,Permian,484.00,128.05,1271517.26,88.54
12/1/2012,Permian,468.00,129.74,1264496.45,91.83
1/1/2013,Permian,463.00,133.61,1266364.09,97.65
2/1/2013,Permian,467.00,138.96,1288304.14,92.03
3/1/2013,Permian,472.00,144.36,1289384.32,97.24
4/1/2013,Permian,467.00,150.38,1325082.30,93.22
5/1/2013,Permian,466.00,156.67,1344216.22,91.93
6/1/2013,Permian,468.00,163.97,1340844.13,96.36
7/1/2013,Permian,462.00,170.46,1362319.67,105.10
8/1/2013,Permian,463.00,175.61,1374696.58,107.98
9/1/2013,Permian,451.00,179.46,1404586.56,102.36
10/1/2013,Permian,446.00,182.85,1429057.83,96.29
11/1/2013,Permian,462.00,186.72,1402401.06,92.55
12/1/2013,Permian,473.00,190.85,1441777.38,98.17
1/1/2014,Permian,474.00,194.68,1480301.90,97.55
2/1/2014,Permian,485.00,197.37,1513113.78,102.88
3/1/2014,Permian,509.00,199.42,1544143.38,101.57
4/1/2014,Permian,532.00,202.12,1568402.86,100.07
5/1/2014,Permian,545.00,204.87,1584354.19,103.40
6/1/2014,Permian,550.00,208.22,1589823.73,106.07
7/1/2014,Permian,556.00,212.90,1638627.32,98.23
8/1/2014,Permian,556.00,217.82,1672817.90,97.86
9/1/2014,Permian,559.00,220.87,1663779.90,91.17
10/1/2014,Permian,559.00,221.93,1736401.32,80.53
11/1/2014,Permian,565.00,224.88,1791088.13,65.94
12/1/2014,Permian,548.00,234.40,1799966.64,53.45
1/1/2015,Permian,490.00,254.43,1697586.99,47.79
2/1/2015,Permian,375.00,281.23,1810050.64,49.84
3/1/2015,Permian,306.00,308.95,1885709.12,47.72
4/1/2015,Permian,263.00,345.15,1908853.33,59.62
5/1/2015,Permian,234.00,383.17,1903826.29,60.25
6/1/2015,Permian,232.00,418.33,1892872.96,59.48
7/1/2015,Permian,241.00,441.03,1868567.16,47.11
8/1/2015,Permian,254.00,453.74,1908728.90,49.20
9/1/2015,Permian,251.00,459.45,1930028.83,45.06
10/1/2015,Permian,234.00,462.47,1920414.70,46.60
11/1/2015,Permian,227.00,467.00,1954194.66,40.43
12/1/2015,Permian,210.00,474.93,1843742.38,37.13
1/1/2016,Permian,202.00,496.77,1923450.77,33.66
2/1/2016,Permian,171.00,538.25,1962924.03,32.74
3/1/2016,Permian,152.00,590.55,1976090.67,36.94
4/1/2016,Permian,139.00,646.95,1983448.23,45.98
5/1/2016,Permian,137.00,689.01,1982770.70,49.10
6/1/2016,Permian,145.00,715.54,1993899.53,48.27
7/1/2016,Permian,162.00,726.08,2025846.54,41.54
8/1/2016,Permian,187.00,725.29,2045880.35,44.68
9/1/2016,Permian,199.00,709.63,2036041.80,47.72
10/1/2016,Permian,206.00,678.16,2083872.25,46.83
11/1/2016,Permian,222.00,638.37,2108769.13,49.41
12/1/2016,Permian,252.00,605.60,2111301.70,53.75
1/1/2017,Permian,276.00,590.52,2145613.87,52.75
2/1/2017,Permian,300.00,581.37,2251638.67,54.00
3/1/2017,Permian,310.00,564.52,2263341.35,50.54
4/1/2017,Permian,337.00,528.64,2300346.10,49.31
5/1/2017,Permian,356.00,492.86,2399289.45,48.29
6/1/2017,Permian,366.00,472.07,2414843.60,46.02
7/1/2017,Permian,373.00,487.95,2435488.16,50.21
8/1/2017,Permian,377.00,511.20,2478616.99,47.26
9/1/2017,Permian,380.00,533.14,2622651.93,51.67
10/1/2017,Permian,381.00,556.41,2752355.25,54.36
11/1/2017,Permian,388.00,584.78,2808088.21,57.40
12/1/2017,Permian,398.00,617.48,2871476.98,60.46
1/1/2018,Permian,409.00,625.48,2936631.23,64.82
2/1/2018,Permian,432.00,631.48,3004683.62,61.43
