Month,"Crude Oil Production, 48 States","Crude Oil Production, Alaska","Crude Oil Production, Total",Natural Gas Liquids Production,Total Petroleum Field Production,Renewable Fuels and Oxygenate Plant Net Production,Petroleum Processing Gain,Petroleum Imports,Petroleum Exports,Petroleum Net Imports,Petroleum Stock Change,Petroleum Adjustments,Petroleum Products Supplied
1973 January,8981.323,194.613,9175.935,1680.032,10855.968,Not Available,457.677,5857.097,210.613,5646.484,-1718.323,34.194,18712.645
1973 February,9178.75,216.464,9395.214,1744.893,11140.107,Not Available,409.857,6507.286,260.964,6246.321,-1407.357,-109.5,19094.143
1973 March,9098.194,173.742,9271.935,1734.484,11006.419,Not Available,401.677,6610.161,224.194,6385.968,672.806,94.968,17216.226
1973 April,9095.2,196.7,9291.9,1749.6,11041.5,Not Available,373.5,5593.367,275.567,5317.8,871.267,59,15920.533
1973 May,9062.548,199.839,9262.387,1739.258,11001.645,Not Available,533.419,5840.935,237.387,5603.548,658.032,145.226,16625.806
1973 June,9016.033,197.9,9213.933,1726.7,10940.633,Not Available,493.9,5890.267,215.433,5674.833,810.4,182.367,16481.333
1973 July,9015.581,201.548,9217.129,1736.968,10954.097,Not Available,470.839,6178.935,240.742,5938.194,912.484,-78.258,16372.387
1973 August,8961.29,207.258,9168.548,1747.839,10916.387,Not Available,470.29,6591.129,218.161,6372.968,343.774,82.968,17498.839
1973 September,8864.7,200.6,9065.3,1741.1,10806.4,Not Available,458.4,6411.467,243,6168.467,622.867,-154.1,16656.3
1973 October,9023.452,200.419,9223.871,1756.258,10980.129,Not Available,503.097,6632.613,222.032,6410.581,703.194,11.613,17202.226
1973 November,8966.167,194.8,9160.967,1773.967,10934.933,Not Available,430.233,6922.333,202.567,6719.767,-473.4,-66.3,18492.033
1973 December,8867.677,195.548,9063.226,1728.548,10791.774,Not Available,431.742,6055.774,227.806,5827.968,-481.645,5.226,17538.355
1974 January,8742.516,191.355,8933.871,1699.097,10632.968,Not Available,479.129,5370.71,206.71,5164,-1072.387,-62.613,17285.871
1974 February,8952.107,190.107,9142.214,1728.286,10870.5,Not Available,432.464,5216.036,202.857,5013.179,-996.143,53.429,17365.714
1974 March,8781.968,183.419,8965.387,1741.387,10706.774,Not Available,417.806,5273.806,195.613,5078.194,191.097,92.032,16103.71
1974 April,8773.9,180.067,8953.967,1695.733,10649.7,Not Available,478.133,5979.633,243.333,5736.3,983.033,47.4,15928.5
1974 May,8719.452,191.129,8910.581,1689.645,10600.226,Not Available,414.29,6493.355,246.548,6246.806,1530.613,-5.032,15725.677
1974 June,8578.633,201.6,8780.233,1683.8,10464.033,Not Available,511.633,6359.967,238.4,6121.567,1005.4,25.3,16117.133
1974 July,8577.774,202.355,8780.129,1656.581,10436.71,Not Available,517.097,6536.516,253.194,6283.323,879.032,-9.355,16348.742
1974 August,8498.774,200.097,8698.871,1675.548,10374.419,Not Available,537.29,6361.194,247.226,6113.968,435.935,-40.032,16549.71
1974 September,8246.467,196.467,8442.933,1638.133,10081.067,Not Available,496.7,6051.8,170.867,5880.933,429.133,-5.767,16023.8
1974 October,8414.452,196.806,8611.258,1686.065,10297.323,Not Available,538.806,6175.161,220.871,5954.29,-263,-3.387,17050.032
1974 November,8372.767,196.033,8568.8,1693.9,10262.7,Not Available,483.9,6798.4,186.467,6611.933,-77.867,-85.133,17351.267
1974 December,8335.065,191.452,8526.516,1669.71,10196.226,Not Available,451.548,6666.806,231.097,6435.71,-958.065,-28.581,18012.968
1975 January,8261.677,193.29,8454.968,1629.516,10084.484,Not Available,518.839,6860.645,228.065,6632.581,-708.774,59.226,18003.903
1975 February,8399.286,191.857,8591.143,1645.929,10237.071,Not Available,438.286,6176.107,248,5928.107,-461.786,19.107,17084.357
1975 March,8303.806,189.645,8493.452,1657.935,10151.387,Not Available,420.742,5730,213.097,5516.903,-317.871,-91.548,16315.355
1975 April,8268.2,188.4,8456.6,1635.2,10091.8,Not Available,381.133,5040.3,190.433,4849.867,-639.967,85.533,16048.3
1975 May,8186.903,191.871,8378.774,1607.032,9985.806,Not Available,411.871,5214.032,202.419,5011.613,394.677,140.645,15155.258
1975 June,8230.833,189.967,8420.8,1646.333,10067.133,Not Available,432.333,5406.3,224.433,5181.867,58.467,-12.833,15610.033
1975 July,8145.71,190.032,8335.742,1621.29,9957.032,Not Available,431.129,5958.968,185.677,5773.29,490.323,68.742,15739.871
1975 August,8058.484,190.29,8248.774,1649.774,9898.548,Not Available,445.548,6298.258,202.871,6095.387,663.387,30.194,15806.29
1975 September,8084.867,194.767,8279.633,1576.733,9856.367,Not Available,528.033,6804.267,205.3,6598.967,1347.433,131.9,15767.833
1975 October,8132.452,191.968,8324.419,1642.645,9967.065,Not Available,513.065,6329.161,186.968,6142.194,283.452,37.742,16376.613
1975 November,8086.067,191.8,8277.867,1634.933,9912.8,Not Available,494.633,6419,165.9,6253.1,784,-99.3,15777.233
1975 December,8061.484,192.065,8253.548,1645.871,9899.419,Not Available,498.355,6425.323,261.613,6163.71,-1506.129,117.387,18185
1976 January,8038.323,193.452,8231.774,1585.065,9816.839,Not Available,474,6713.613,155.774,6557.839,-1430.161,368.065,18646.903
1976 February,8039.724,191.483,8231.207,1640.448,9871.655,Not Available,488.552,6711.793,241.276,6470.517,-633.931,44.621,17509.276
1976 March,8042.452,189.742,8232.194,1615.226,9847.419,Not Available,494.548,6686.677,184.677,6502,-314.419,143.613,17302
1976 April,7917.7,159.3,8077,1616.033,9693.033,Not Available,455.8,6595.333,222,6373.333,-115.133,34.233,16671.533
1976 May,7975.903,148.613,8124.516,1587.677,9712.194,Not Available,547.645,6323.065,179.419,6143.645,522.161,96.065,15977.387
1976 June,7944.467,149.967,8094.433,1605.533,9699.967,Not Available,479.1,7474.433,212.767,7261.667,677.6,61.433,16824.567
1976 July,7956.226,170.935,8127.161,1591.613,9718.774,Not Available,491.935,7883.645,242.484,7641.161,1317.548,72.419,16606.742
1976 August,7937.226,173.387,8110.613,1596.194,9706.806,Not Available,412.516,7382.194,220,7162.194,752.129,112.645,16642.032
1976 September,7977.233,172.4,8149.633,1602.367,9752,Not Available,502.7,7924.1,195.9,7728.2,1127.667,-18.433,16836.8
1976 October,7884.677,178.613,8063.29,1600.677,9663.968,Not Available,416.484,7535.903,197.774,7338.129,397.258,69.032,17090.355
1976 November,7904.267,175.333,8079.6,1620.6,9700.2,Not Available,465.367,8060.267,347.8,7712.467,-767.833,201.067,18846.933
1976 December,7885.194,175.419,8060.613,1589.226,9649.839,Not Available,498.935,8447.323,279.484,8167.839,-2226.129,17.194,20559.935
1977 January,7682.097,172.032,7854.129,1549.355,9403.484,Not Available,537.516,8903,192.032,8710.968,-1512.839,339.516,20504.323
1977 February,7971.571,167.357,8138.929,1589.179,9728.107,Not Available,513.929,9997.321,234.393,9762.929,-515.036,-38.179,20481.821
1977 March,7925.323,164.29,8089.613,1687.419,9777.032,Not Available,514.645,9382.71,206.806,9175.903,1171.516,-172.323,18123.742
1977 April,7982.233,162.667,8144.9,1663.867,9808.767,Not Available,478.1,8722.633,223.367,8499.267,1145.933,-60.533,17579.667
1977 May,7909.161,165.581,8074.742,1620.29,9695.032,Not Available,435.581,8571.097,288.258,8282.839,1619.355,178.226,16972.323
1977 June,7817.167,284.767,8101.933,1616.367,9718.3,Not Available,467.333,8937.133,224.967,8712.167,796.2,-58.267,18043.333
1977 July,7733.323,371.323,8104.645,1609.194,9713.839,Not Available,553.71,9095.226,253.645,8841.581,1415,-126.226,17567.903
1977 August,7668.968,637.806,8306.774,1592.645,9899.419,Not Available,580.71,8574.452,229.742,8344.71,976.613,163.645,18011.871
1977 September,7618.433,861.3,8479.733,1585.467,10065.2,Not Available,506.233,8566.767,294.033,8272.733,1142.433,12.667,17714.4
1977 October,7734.097,839.323,8573.419,1632.516,10205.935,Not Available,551.613,8364.129,255.129,8109,1056.903,14.452,17824.097
1977 November,7719.8,859.467,8579.267,1627.367,10206.633,Not Available,575.033,8134.733,235.167,7899.567,328.833,84.933,18437.333
1977 December,7628.677,858.323,8487,1636.516,10123.516,Not Available,575.387,8524.968,274.355,8250.613,-1110.129,-7.935,20051.71
1978 January,7490.71,868.968,8359.677,1556.516,9916.194,Not Available,485.29,8332.387,256.548,8075.839,-1398.903,-123.935,19752.29
1978 February,7522.143,854.429,8376.571,1562.107,9938.679,Not Available,467,8119.143,208.25,7910.893,-2758.071,-174.607,20900.036
1978 March,7569.065,1151.065,8720.129,1590.387,10310.516,Not Available,517,8500.968,268.645,8232.323,-758,-165.806,19652.032
1978 April,7528.133,1289.4,8817.533,1618.5,10436.033,Not Available,477.6,7742.7,337,7405.7,208.6,-363.633,17747.1
1978 May,7543.968,1281.29,8825.258,1530.194,10355.452,Not Available,450.29,7530.968,312.935,7218.032,85.581,292.161,18230.355
1978 June,7526.533,1305.933,8832.467,1583.433,10415.9,Not Available,471.6,8108,398.6,7709.4,280.1,-57.067,18259.733
1978 July,7461.226,1294.968,8756.194,1558.161,10314.355,Not Available,389.161,8277.226,329.839,7947.387,1202.71,185.129,17633.323
1978 August,7441.806,1316.323,8758.129,1556.387,10314.516,Not Available,489.355,8292.161,410.806,7881.355,-32.774,-79.355,18638.645
1978 September,7478.1,1322.233,8800.333,1546.1,10346.433,Not Available,534.533,9036.067,476.9,8559.167,1384.667,-101.967,17953.5
1978 October,7478.097,1341.903,8820,1540.258,10360.258,Not Available,555.032,8313.419,468.839,7844.581,592.161,249.774,18417.484
1978 November,7390.267,1350.833,8741.1,1601.867,10342.967,Not Available,560.367,8852.1,408.667,8443.433,343.533,152.967,19156.2
1978 December,7314.645,1346.903,8661.548,1566.484,10228.032,Not Available,558.516,9241.355,455.323,8786.032,-450.839,-79.161,19944.258
1979 January,7124.194,1350.516,8474.71,1530.419,10005.129,Not Available,441.935,9148.032,392.387,8755.645,-1504.968,-122.097,20585.581
1979 February,7259,1266.357,8525.357,1561.107,10086.464,Not Available,462.071,8591.25,485.929,8105.321,-2839.857,-205.75,21287.964
1979 March,7246.355,1354.774,8601.129,1547.677,10148.806,Not Available,430.71,8760.452,610.839,8149.613,-291.032,301.484,19321.645
1979 April,7207.067,1346.033,8553.1,1610.867,10163.967,Not Available,430.567,7893.4,493.467,7399.933,800.367,239.933,17434.033
1979 May,7251.645,1349.355,8601,1569.613,10170.613,Not Available,517.774,8090.839,428.903,7661.935,371.871,-177.839,17800.613
1979 June,7185.467,1246.167,8431.633,1571.433,10003.067,Not Available,589.533,8327,467.767,7859.233,1059.367,393.167,17785.633
1979 July,6959.226,1404.581,8363.806,1564.419,9928.226,Not Available,538.258,8558.516,486.032,8072.484,1460.581,65.548,17143.935
1979 August,7114.484,1433.29,8547.774,1575.419,10123.194,Not Available,585.194,8589.935,466.258,8123.677,896.065,212.774,18148.774
1979 September,7087.6,1435.5,8523.1,1564.633,10087.733,Not Available,584,8023,413.733,7609.267,866.633,-14.567,17399.8
1979 October,7141.129,1480.032,8621.161,1607.032,10228.194,Not Available,519.032,8688.226,425.097,8263.129,672.129,-162.419,18175.806
1979 November,7147.433,1613.167,8760.6,1675.867,10436.467,Not Available,598.833,8141.067,509.7,7631.367,323.933,-29.833,18312.9
1979 December,7095.097,1519.419,8614.516,1625.677,10240.194,Not Available,625.516,8628.452,471.452,8157,48.581,-52.323,18921.806
1980 January,7041.226,1634.258,8675.484,1648.323,10323.806,Not Available,599.806,8598.032,549.71,8048.323,324.419,203.968,18851.484
1980 February,7074.483,1630.034,8704.517,1655.931,10360.448,Not Available,650.103,7944.69,558.276,7386.414,-270.655,149.586,18817.207
1980 March,7051.097,1647.29,8698.387,1567.806,10266.194,Not Available,633.323,7452.387,572.903,6879.484,145.871,-256.226,17376.903
1980 April,7035.4,1649.3,8684.7,1630.133,10314.833,Not Available,577.133,7105.9,433.733,6672.167,640.967,-138.7,16784.467
1980 May,7007.581,1627.387,8634.968,1615.29,10250.258,Not Available,547.903,6578.71,591.258,5987.452,636.871,89,16237.742
1980 June,6928.133,1625.833,8553.967,1561.367,10115.333,Not Available,600.1,6894.367,654.167,6240.2,804.067,35.433,16187
1980 July,6934.968,1612.258,8547.226,1523.516,10070.742,Not Available,597.548,6257.194,530.645,5726.548,467.677,80.645,16007.806
1980 August,6802.258,1611.968,8414.226,1519.419,9933.645,Not Available,519.742,6191.903,318.516,5873.387,746.903,173,15752.871
1980 September,7009.233,1610,8619.233,1515.467,10134.7,Not Available,671.533,6239.1,556.833,5682.267,-47.7,62.2,16598.4
1980 October,6944,1587.903,8531.903,1515.71,10047.613,Not Available,573.806,6378.871,597.516,5781.355,-564.226,27.71,16994.71
1980 November,6934.567,1560.5,8495.067,1570.5,10065.567,Not Available,573.867,6407.9,548.8,5859.1,92.3,295.8,16702.033
1980 December,7004,1601.71,8605.71,1559.645,10165.355,Not Available,627.387,6894.161,622.032,6272.129,-1297,48.516,18410.387
1981 January,6933.774,1606.097,8539.871,1651.764,10191.635,Not Available,613.097,6827.467,557.875,6269.592,-1208.953,146.447,18429.724
1981 February,6984.571,1619.5,8604.071,1653.479,10257.55,Not Available,564.25,6772.259,569.135,6203.124,27.489,-8.528,16988.908
1981 March,6995.258,1617.742,8613,1623.7,10236.7,Not Available,452.935,6028.206,586.109,5442.097,408.573,183.634,15906.794
1981 April,6949.1,1607.833,8556.933,1598.601,10155.534,Not Available,457.167,5667.934,569.767,5098.166,447.245,86.049,15349.671
1981 May,6921.419,1579.903,8501.323,1593.474,10094.796,Not Available,494.71,5775.27,595.091,5180.179,765.1,348.415,15353
1981 June,6996.4,1632.233,8628.633,1593.666,10222.299,Not Available,478.6,5435.364,420.371,5014.993,-271.692,107.009,16094.594
1981 July,6894.742,1605.194,8499.935,1547.541,10047.477,Not Available,466.806,5816.329,571.375,5244.955,268.678,191.823,15682.383
1981 August,6980.452,1602.419,8582.871,1614.456,10197.327,Not Available,486.806,5767.186,643.9,5123.286,601.966,57.238,15262.692
1981 September,6996.933,1607.067,8604,1612.109,10216.109,Not Available,454,6364.639,519.258,5845.381,626.317,-234.594,15654.579
1981 October,6966.419,1596.484,8562.903,1598.427,10161.33,Not Available,496.419,5959.34,737.921,5221.419,283.551,226.026,15821.645
1981 November,6971.733,1614.233,8585.967,1629.817,10215.784,Not Available,565.4,5741.288,700.769,5040.519,557.199,328.179,15592.683
1981 December,6962.581,1622.806,8585.387,1589.894,10175.282,Not Available,565.226,5842.998,655.541,5187.457,-575.188,92.995,16596.148
1982 January,6804.742,1704.71,8509.452,1577.636,10087.088,Not Available,497.677,5332.253,828.805,4503.448,-896.678,139.077,16123.968
1982 February,6995.643,1706.536,8702.179,1562.697,10264.875,Not Available,543.679,4806.719,803.806,4002.913,-988.475,201.459,16001.401
1982 March,6970.839,1696.484,8667.323,1571.574,10238.897,Not Available,508.871,4484.156,882.036,3602.12,-1168.603,41.986,15560.477
1982 April,6899.833,1691.433,8591.267,1541.517,10132.784,Not Available,490.5,4378.026,785.501,3592.525,-1546.564,283.936,16046.309
1982 May,6976.29,1707.129,8683.419,1518.127,10201.546,Not Available,522.516,4811.463,803.486,4007.977,36.728,151.27,14846.582
1982 June,6981.067,1665.033,8646.1,1510.523,10156.623,Not Available,485.567,5327.108,703.109,4624,449.509,181.446,14998.126
1982 July,6947.839,1710.161,8658,1512.646,10170.646,Not Available,539.871,5889.707,741.017,5148.69,1073.723,35.063,14820.547
1982 August,6936.387,1697.258,8633.645,1524.435,10158.08,Not Available,535.516,5243.776,857.623,4386.153,484.064,243.608,14839.294
1982 September,6996.033,1704.9,8700.933,1518.217,10219.15,Not Available,516.633,5414.304,790.583,4623.721,183.304,-154.284,15021.916
1982 October,6995.677,1705.774,8701.452,1530.217,10231.668,Not Available,533.032,5305.913,931.94,4373.974,595.27,315.153,14858.557
1982 November,7021.533,1675.733,8697.267,1608.575,10305.841,Not Available,576.267,5744.32,786.062,4958.259,759.499,-71.795,15009.073
1982 December,6915.742,1682.161,8597.903,1628.491,10226.395,Not Available,616.71,4605.562,859.91,3745.653,-815.442,83.016,15487.215
1983 January,6964.903,1732,8696.903,1579.516,10276.419,Not Available,484.645,4437.746,973.345,3464.401,-273.516,223.271,14722.252
1983 February,7041.536,1716.929,8758.464,1575.357,10333.821,Not Available,490.25,3726.004,865.365,2860.639,-793.607,313.583,14791.9
1983 March,6967.903,1732.29,8700.194,1540.516,10240.71,Not Available,450.645,3689.513,800.772,2888.741,-1892.935,67.473,15540.504
1983 April,7054.9,1720.733,8775.633,1505.533,10281.167,Not Available,449.067,4727.079,809.08,3917.999,93.433,137.326,14692.125
1983 May,6969.161,1662.29,8631.452,1493.129,10124.581,Not Available,523.71,5089.063,848.286,4240.776,617.226,232.864,14504.705
1983 June,6979.9,1687.233,8667.133,1522.533,10189.667,Not Available,503.867,5326.215,774.027,4552.189,398.067,441.142,15288.797
1983 July,6920.677,1715.355,8636.032,1538.71,10174.742,Not Available,467.581,5740.842,571.325,5169.517,676.677,-116.337,15018.825
1983 August,6981.871,1697.258,8679.129,1561.613,10240.742,Not Available,488.581,6159.356,663.172,5496.184,1067.452,322.061,15480.115
1983 September,7046.8,1737.533,8784.333,1601.933,10386.267,Not Available,504.5,6129.433,684.372,5445.061,860.3,30.324,15505.852
1983 October,7037.806,1732.839,8770.645,1603.581,10374.226,Not Available,519.419,5258.282,575.912,4682.37,715.968,102.2,14962.248
1983 November,7050.3,1720.067,8770.367,1640.5,10410.867,Not Available,543.367,5209.899,679.307,4530.592,67.533,82.546,15499.838
1983 December,6685.161,1711.387,8396.548,1544.258,9940.806,Not Available,429.355,5032.841,638.807,4394.035,-1803.806,157.939,16725.941
1984 January,7116.032,1751.774,8867.806,1571.516,10439.323,Not Available,473,5430.054,575.214,4854.841,-786.71,246.921,16800.794
1984 February,7125.793,1748.586,8874.379,1635.31,10509.69,Not Available,553.103,5692.759,581.847,5110.912,1176.931,440.411,15437.185
1984 March,7101.871,1570.032,8671.903,1599.452,10271.355,Not Available,546.161,5301.192,840.134,4461.057,-615.935,155.523,16050.032
1984 April,7092.5,1769.9,8862.4,1619.467,10481.867,Not Available,578.733,5372.311,655.02,4717.291,581.933,372.238,15568.196
1984 May,7191.258,1764.097,8955.355,1614.226,10569.581,Not Available,588.903,5978.621,766.31,5212.311,1111.387,360.503,15619.911
1984 June,7193.3,1659.033,8852.333,1612.967,10465.3,Not Available,552.233,5482.215,864.143,4618.071,212.8,285.855,15708.659
1984 July,7190.194,1694.71,8884.903,1633.548,10518.452,Not Available,543.968,5407.231,536.312,4870.919,337.903,-97.696,15497.739
1984 August,7087.032,1722.355,8809.387,1636.613,10446,Not Available,532.516,5044.277,731.972,4312.305,-501.484,324.169,16116.474
1984 September,7232.633,1760.633,8993.267,1659.767,10653.033,Not Available,572.933,5251.582,663.831,4587.751,509.033,-57.304,15247.381
1984 October,7174.129,1731.516,8905.645,1648.871,10554.516,Not Available,543.871,5778.828,599.426,5179.402,1004.677,343.346,15616.458
1984 November,7197.9,1780.667,8978.567,1677.667,10656.233,Not Available,571.9,5586.858,854.192,4732.665,413.2,78.971,15626.57
1984 December,7176.806,1719.871,8896.677,1649.226,10545.903,Not Available,585.935,4932.587,985.714,3946.872,-3.065,293.345,15375.121
1985 January,7092.484,1647.065,8739.548,1627.548,10367.097,Not Available,526.613,4415.044,791.74,3623.304,-1426.323,165.858,16109.194
1985 February,7147.571,1877.25,9024.821,1623.071,10647.893,Not Available,508.286,3913.13,856.9,3056.23,-1771.821,137.072,16121.302
1985 March,7228.516,1866.419,9094.935,1600.065,10695,Not Available,494.419,4672.921,693.507,3979.414,-93.097,110.723,15372.654
1985 April,7259.633,1783.667,9043.3,1581.9,10625.2,Not Available,527.867,5316.108,763.511,4552.597,464.167,230.219,15471.716
1985 May,7243.903,1888.129,9132.032,1593.806,10725.839,Not Available,515.355,5776.299,705.395,5070.903,1099.065,290.551,15503.584
1985 June,7151.167,1870.6,9021.767,1596.967,10618.733,Not Available,600.833,4929.28,692.081,4237.198,118,144.148,15482.913
1985 July,7139.71,1809,8948.71,1567.935,10516.645,Not Available,601.806,4949.585,675.215,4274.37,169.419,210.269,15433.671
1985 August,7007.71,1794.903,8802.613,1594.29,10396.903,Not Available,613.387,4717.692,748.769,3968.923,-726.355,354.505,16060.073
1985 September,7086.733,1866.933,8953.667,1575.067,10528.733,Not Available,545.9,4970.441,805.984,4164.458,288.633,148.537,15098.995
1985 October,7120.323,1849.613,8969.935,1610.129,10580.065,Not Available,571.548,5121.091,690.237,4430.854,-222.935,138.11,15943.512
1985 November,7097.933,1804.033,8901.967,1660.267,10562.233,Not Available,561.9,6116.105,1036.438,5079.667,928.8,227.759,15502.759
1985 December,7177.806,1851.742,9029.548,1679.968,10709.516,Not Available,616.097,5830.659,925.306,4905.353,-149.29,231.079,16611.335
1986 January,7266.935,1870.097,9137.032,1710.677,10847.71,Not Available,633.742,5572.707,858.704,4714.003,533.677,426.21,16087.988
1986 February,7266.179,1907.214,9173.393,1696.25,10869.643,Not Available,671.464,4676.463,876.052,3800.412,-767.393,77.116,16186.028
1986 March,7152.903,1860.419,9013.323,1604.323,10617.645,Not Available,558.194,4712.049,731.754,3980.295,-815.097,305.068,16276.299
1986 April,7027.5,1836.4,8863.9,1522.867,10386.767,Not Available,548.233,5439.418,849.995,4589.423,-302.167,118.044,15944.634
1986 May,6910.194,1927.355,8837.548,1542.806,10380.355,Not Available,647.161,6399.914,723.624,5676.29,849.323,138.711,15993.195
1986 June,6736.767,1886.567,8623.333,1503.833,10127.167,Not Available,599.333,6847.882,641.538,6206.344,1235.7,352.251,16049.396
1986 July,6757.032,1902.581,8659.613,1507.355,10166.968,Not Available,599.581,6941.649,685.333,6256.316,962.548,246.603,16306.919
1986 August,6562.387,1811.161,8373.548,1444.645,9818.194,Not Available,658.516,7168.06,867.83,6300.23,308.548,149.905,16618.296
1986 September,6546.467,1781.633,8328.1,1468.333,9796.433,Not Available,710.467,7089.678,714.278,6375.4,1189.267,215.947,15908.98
1986 October,6491.484,1927.355,8418.839,1476.71,9895.548,Not Available,586.226,6427.128,830.559,5596.569,-242.806,281.224,16602.374
1986 November,6529.7,1882.767,8412.467,1569.433,9981.9,Not Available,577.833,6591.769,820.738,5771.031,52.4,-57.265,16221.099
1986 December,6545.387,1807.065,8352.452,1570.613,9923.065,Not Available,608.613,6700.377,819.854,5880.524,-629.29,89.466,17130.958
1987 January,6460.968,2019.29,8480.258,1582.419,10062.677,Not Available,691.097,6353.149,702.948,5650.201,-209.645,70.586,16684.207
1987 February,6535.75,1852.821,8388.571,1618.071,10006.643,Not Available,637.786,5984.453,977.084,5007.369,-808.679,447.566,16908.042
1987 March,6496.484,1967.968,8464.452,1597.71,10062.161,Not Available,593.839,5793.946,719.868,5074.078,-215.484,219.228,16164.79
1987 April,6507.933,1990.233,8498.167,1589.6,10087.767,Not Available,642.2,5911.164,870.498,5040.666,-581.433,171.473,16523.539
1987 May,6357.065,1979.258,8336.323,1585.484,9921.806,Not Available,671.613,6072.624,665.798,5406.826,80.613,106.374,16026.006
1987 June,6348.567,1929.967,8278.533,1578.4,9856.933,Not Available,597.567,6768.708,669.268,6099.44,207.133,482.931,16829.738
1987 July,6341.29,1909.742,8251.032,1581.839,9832.871,Not Available,617.613,7587.703,680.163,6907.54,339.226,94.174,17112.972
1987 August,6302.097,1907.839,8209.935,1571,9780.935,Not Available,618.903,7453.745,664.077,6789.668,1081.581,238.558,16346.484
1987 September,6331.033,1874.4,8205.433,1581.667,9787.1,Not Available,676.5,7177.955,795.487,6382.467,456.667,280.484,16669.885
1987 October,6377.71,1985.903,8363.613,1602.258,9965.871,Not Available,623.323,7067.532,645.67,6421.862,137.806,67.815,16941.064
1987 November,6329.1,2068.067,8397.167,1636.767,10033.933,Not Available,618.467,7067.714,736.819,6330.895,832.367,192.069,16342.997
1987 December,6274.806,2042.742,8317.548,1620.968,9938.516,Not Available,679.258,6833.498,1057.311,5776.187,-887,163.893,17444.853
1988 January,6250.71,1999.065,8249.774,1578.677,9828.452,Not Available,677.677,7181.01,885.025,6295.985,-337.323,263.166,17402.602
1988 February,6304.414,2069.655,8374.069,1605.069,9979.138,Not Available,665.034,7255.814,863.911,6391.903,-734.483,-11.034,17759.524
1988 March,6287.71,2086.065,8373.774,1636.29,10010.065,Not Available,643.29,6944.334,834.349,6109.985,-529.903,318.42,17611.663
1988 April,6258.4,2029.233,8287.633,1617.633,9905.267,Not Available,627.867,7270.371,675.972,6594.399,634.367,67.353,16560.518
1988 May,6212.806,2015.871,8228.677,1627.161,9855.839,Not Available,662.097,7468.822,813.836,6654.986,1144.581,168.536,16196.877
1988 June,6185.967,1984.1,8170.067,1615.9,9785.967,Not Available,651.6,7238.911,937.818,6301.094,-65.7,254.99,17059.35
1988 July,6079.516,1960.129,8039.645,1617.935,9657.581,Not Available,637.968,7296.887,825.936,6470.951,558.387,486.595,16694.707
1988 August,6070.677,2008.645,8079.323,1616,9695.323,Not Available,690.387,7385.712,813.527,6572.185,-180.645,343.868,17482.408
1988 September,5875.433,2019.467,7894.9,1621,9515.9,Not Available,598.3,7505.632,672.613,6833.019,162.467,286.897,17071.649
1988 October,6012.548,2010.161,8022.71,1661.161,9683.871,Not Available,650.935,7829.924,732.36,7097.564,65.548,212.916,17579.737
1988 November,5996.667,2026.667,8023.333,1666.433,9689.767,Not Available,641.733,7714.168,716.948,6997.22,28.333,319.285,17619.672
1988 December,5946.032,1995.548,7941.581,1634.258,9575.839,Not Available,711.484,7727.142,1008.261,6718.881,-1098.161,260.857,18365.221
1989 January,5979.472,1957.813,7937.285,1664.419,9601.704,Not Available,744.355,8254.968,760.614,7494.353,742.258,170.525,17268.679
1989 February,5826.343,1962.102,7788.445,1606.964,9395.409,Not Available,660.786,8031.5,874.803,7156.697,-686.857,19.859,17919.608
1989 March,5888.927,1685.972,7574.899,1650.065,9224.964,Not Available,631.871,7456.129,860.107,6596.022,-1050.71,485.47,17989.037
1989 April,5881.556,1889.998,7771.554,1674.033,9445.587,Not Available,671.567,8077.833,809.856,7267.977,906.967,145.794,16623.958
1989 May,5842.872,1973.343,7816.215,1619.968,9436.182,Not Available,651.774,7777.871,791.479,6986.392,869.581,341.304,16546.072
1989 June,5763.419,1860.95,7624.368,1506.9,9131.268,Not Available,673.8,7977.267,974.866,7002.401,-498,191.314,17496.783
1989 July,5718.77,1725.299,7444.069,1541.484,8985.553,Not Available,713.484,8369,780.092,7588.908,1330.226,495.148,16452.867
1989 August,5674.68,1869.779,7544.458,1503.613,9048.071,Not Available,626.839,8560,966.515,7593.485,178.419,270.417,17360.392
1989 September,5672.53,1875.344,7547.874,1480.333,9028.208,Not Available,664,8002.333,655.464,7346.869,432.533,188.448,16794.991
1989 October,5575.427,1877.352,7452.779,1477.935,8930.714,Not Available,629.839,8301.419,790.787,7510.633,-304.71,-72.304,17303.591
1989 November,5621.098,1914.983,7536.081,1482.833,9018.914,Not Available,636.733,8341.033,974.624,7366.409,173.167,462.146,17311.036
1989 December,5432.66,1904.094,7336.754,1342.742,8679.496,Not Available,631.839,7579.419,1067.203,6512.217,-2636.71,397.45,18857.711
1990 January,5682.11,1864.063,7546.173,1541.065,9087.238,Not Available,676.613,9197.323,709.288,8488.035,1557.032,268.956,16963.809
1990 February,5663.312,1833.93,7497.242,1570.214,9067.456,Not Available,726.464,8399.214,822.011,7577.204,177.107,-19.17,17174.846
1990 March,5614.607,1818.734,7433.341,1526.387,8959.728,Not Available,663.968,7964.613,880.131,7084.482,234.419,613.444,17087.202
1990 April,5604.859,1802.313,7407.173,1492.567,8899.739,Not Available,654.233,7857.667,760.709,7096.958,-57.5,69.937,16778.367
1990 May,5563.014,1765.328,7328.342,1502.355,8830.697,Not Available,633.226,8833.968,689.751,8144.217,1010.903,317.288,16914.524
1990 June,5493.419,1612.419,7105.838,1458.033,8563.871,Not Available,677.867,8746.867,803.24,7943.627,450.233,430.231,17165.362
1990 July,5486.608,1686.655,7173.263,1484.226,8657.488,Not Available,620.968,9048.258,695.566,8352.692,775.194,227.634,17083.588
1990 August,5559.588,1727.046,7286.634,1574.71,8861.343,Not Available,726.613,8643.839,849.663,7794.175,-339.968,328.388,18050.487
1990 September,5522.274,1701.545,7223.82,1596.933,8820.753,Not Available,695.1,7361.333,846.847,6514.486,-9.833,471.842,16512.014
1990 October,5657.498,1884.391,7541.889,1667.452,9209.34,Not Available,715.871,6716.742,948.644,5768.098,-767.226,473.892,16934.427
1990 November,5640.818,1745.766,7386.585,1690.3,9076.885,Not Available,668.2,7002.767,1085.232,5917.535,-686.067,346.303,16694.99
1990 December,5499.892,1837.625,7337.517,1603.742,8941.259,Not Available,742.71,6439.065,1187.417,5251.647,-1071.968,486.871,16494.455
1991 January,5652.093,1847.837,7499.93,1646.581,9146.511,Not Available,693.161,7103.387,1199.015,5904.372,-1098.387,50.148,16892.58
1991 February,5729.49,1907.508,7636.997,1695.071,9332.069,Not Available,693.393,6865.357,1440.897,5424.46,-472.821,416.056,16338.799
1991 March,5659.038,1886.967,7546.006,1683.387,9229.393,Not Available,658.419,6646.161,943.69,5702.472,-507.452,114.558,16212.293
1991 April,5710.77,1797.751,7508.52,1664.533,9173.054,Not Available,637.933,7417.567,737.384,6680.183,677.5,325.095,16138.765
1991 May,5638.065,1770.641,7408.706,1656.581,9065.286,Not Available,704.258,8518.258,1149.438,7368.82,1553.806,604.473,16189.031
1991 June,5563.649,1756.677,7320.326,1627.367,8947.693,Not Available,710.667,8244.633,921.478,7323.156,247.267,143.518,16877.767
1991 July,5571.503,1775.452,7346.955,1621.677,8968.632,Not Available,765.806,7755.419,962.6,6792.82,46.452,489.727,16970.534
1991 August,5585.279,1730.886,7316.165,1626.903,8943.068,Not Available,732.226,8669.645,837.361,7832.284,419.387,94.885,17183.076
1991 September,5580.817,1786.815,7367.632,1622.9,8990.532,Not Available,731.067,7826.433,784.66,7041.773,497.033,581.301,16847.64
1991 October,5594.835,1842.503,7437.338,1685.935,9123.274,Not Available,685.839,7467.452,917.771,6549.68,-607.581,29.421,16995.794
1991 November,5562.724,1765.053,7327.776,1697.367,9025.143,Not Available,752.833,7615.133,925.62,6689.513,104.8,367.664,16730.353
1991 December,5580.663,1718.284,7298.946,1686.387,8985.334,Not Available,810.968,7337.097,1213.413,6123.684,-975.194,249.508,17144.688
1992 January,5571.651,1788.925,7360.576,1688.29,9048.867,Not Available,761.71,7712.065,1143.82,6568.245,-216.935,416.351,17012.107
1992 February,5580.743,1807.856,7388.598,1695.69,9084.288,Not Available,733.759,6826.931,851.578,5975.353,-779.862,319.346,16892.607
1992 March,5563.023,1785.312,7348.335,1693.774,9042.11,Not Available,718.29,7068.032,912.058,6155.975,-541.548,366.941,16824.864
1992 April,5551.41,1741.097,7292.507,1692.767,8985.274,Not Available,755.4,8092.133,937.21,7154.924,407.6,276.287,16764.284
1992 May,5486.271,1682.328,7168.599,1694.71,8863.309,Not Available,801.968,7823.484,884.878,6938.606,625.323,506.873,16485.434
1992 June,5464.162,1703.149,7167.311,1701.467,8868.777,Not Available,785.733,7946.167,957.072,6989.095,23.2,357.744,16978.149
1992 July,5476.543,1654.557,7131.1,1682.613,8813.713,Not Available,834.484,8479.29,929.344,7549.947,533.871,479.029,17143.301
1992 August,5286.93,1634.859,6921.788,1637.613,8559.401,Not Available,753,8259.645,789.244,7470.401,36.903,182.703,16928.603
1992 September,5329.752,1700.367,7030.119,1660,8690.119,Not Available,810.433,8177.5,847.616,7329.884,492.667,537.735,16875.505
1992 October,5429.741,1696.01,7125.751,1722.032,8847.783,Not Available,682.613,8505.161,902.407,7602.754,152.516,467.507,17448.141
1992 November,5350.349,1673.779,7024.128,1753.933,8778.061,Not Available,793.1,7872.033,995.466,6876.568,-150.133,493.141,17091.003
1992 December,5398.672,1704.543,7103.215,1744.129,8847.344,Not Available,832.065,7838.806,1237.194,6601.612,-1414.774,231.785,17927.58
1993 January,5306.7,1654.307,6961.007,1737.032,8698.039,Not Available,787.161,8004,1134.736,6869.264,854.613,673.514,16173.366
1993 February,5314.55,1628.042,6942.592,1776.679,8719.271,Not Available,772.429,7948.036,1033.007,6915.029,-577.429,349.918,17334.075
1993 March,5335.018,1639.11,6974.128,1793.484,8767.612,Not Available,782.097,8284.935,969.748,7315.187,-390.097,319.719,17574.711
1993 April,5294.319,1586.989,6881.308,1802.067,8683.375,Not Available,728.9,8768.467,1067.191,7701.276,878.633,546.367,16781.285
1993 May,5278.972,1567.949,6846.92,1732.194,8579.114,Not Available,747.484,8662.548,1081.924,7580.625,1062.645,663.394,16507.971
1993 June,5274.431,1520.295,6794.726,1753.3,8548.026,Not Available,725.4,8804.967,899.525,7905.442,574.133,491.183,17095.918
1993 July,5246.983,1441.384,6688.367,1741.097,8429.464,Not Available,749.581,9218.774,1000.761,8218.013,503.129,463.156,17357.084
1993 August,5229.914,1527.893,6757.807,1746.968,8504.775,Not Available,802.871,8429.452,829.316,7600.136,-205.387,218.391,17331.56
1993 September,5240.792,1470.773,6711.565,1732.3,8443.865,Not Available,792.233,8531.267,901.914,7629.353,-352.533,432.283,17650.268
1993 October,5228.32,1610.487,6838.807,1768.323,8607.129,Not Available,736.71,9196.871,881.285,8315.586,731.742,395.28,17322.964
1993 November,5241.54,1670.091,6911.632,1669.5,8581.132,Not Available,834.7,8903.133,980.088,7923.045,-69.067,371.892,17779.836
1993 December,5186.971,1670.612,6857.583,1579.484,8437.067,Not Available,737.581,8644.516,1250.256,7394.26,-1250.903,132.968,17952.779
1994 January,5158.784,1657.995,6816.779,1615.452,8432.23,Not Available,761.742,7992.677,926.953,7065.725,-815.968,996.374,18072.039
1994 February,5173.249,1597.077,6770.326,1633.214,8403.54,Not Available,704.464,8539.036,881.772,7657.263,-1287.429,284.588,18337.285
1994 March,5162.54,1583.082,6745.622,1667.71,8413.332,Not Available,702.839,8574.452,936.144,7638.308,-54.581,503.723,17312.783
1994 April,5107.783,1504.32,6612.102,1678.733,8290.836,Not Available,777.9,8968.4,868.128,8100.272,215.833,535.515,17488.69
1994 May,5110.266,1577.927,6688.193,1710.581,8398.774,Not Available,724.29,9213.194,929.385,8283.808,701.355,475.64,17181.157
1994 June,5093.847,1516.743,6610.59,1732.733,8343.323,Not Available,791.9,9305.1,867.48,8437.62,392.767,635.291,17815.368
1994 July,5006.149,1494.73,6500.879,1752.613,8253.492,Not Available,779.968,9778.871,877.305,8901.566,972.645,522.968,17485.348
1994 August,5044.561,1499.591,6544.152,1760.258,8304.41,Not Available,746.258,9510.097,912.804,8597.292,161.677,630.413,18116.696
1994 September,5094.637,1514.168,6608.804,1791.667,8400.471,Not Available,769.6,9693,891.305,8801.695,805.5,324.04,17490.306
1994 October,5054.474,1603.511,6657.985,1748.323,8406.308,Not Available,757.032,8787.903,996.791,7791.112,-352.129,412.733,17719.314
1994 November,5110.424,1517.908,6628.332,1815.033,8443.366,Not Available,814.333,8707.233,999.814,7707.419,481.233,831.012,17314.896
1994 December,5123.771,1635.923,6759.693,1807.161,8566.855,Not Available,882.226,8862.677,1207.848,7654.829,-1104.806,110.602,18319.319
1995 January,5107.387,1574.793,6682.18,1787.129,8469.309,Not Available,796.548,8014.516,977.678,7036.838,-303.032,613.131,17218.859
1995 February,5216.668,1577.784,6794.452,1780.464,8574.916,Not Available,708.357,8344.571,1061.643,7282.928,-1274.393,438.086,18278.681
1995 March,5075.815,1524.596,6600.412,1776.129,8376.541,Not Available,691.581,9006.419,947.807,8058.612,-216.032,141.101,17483.867
1995 April,5092.583,1511.134,6603.716,1793.833,8397.55,Not Available,730.2,8464.867,997.872,7466.995,12.233,559.652,17142.164
1995 May,5111.553,1517.763,6629.316,1790.419,8419.735,Not Available,767.484,8708.548,876.186,7832.363,332.258,606.127,17293.451
1995 June,5094.974,1483.654,6578.628,1739.5,8318.128,Not Available,787.733,9558.367,919.152,8639.214,-90.7,294.845,18130.621
1995 July,5047.348,1401.423,6448.772,1751.129,8199.901,Not Available,775.613,8863.387,894.522,7968.865,499.323,701.606,17146.662
1995 August,5014.687,1431.965,6446.652,1729.742,8176.394,Not Available,772.677,9060.871,820.839,8240.032,-326.29,528.538,18043.932
1995 September,5038.706,1377.427,6416.133,1756.867,8172.999,Not Available,811.633,9735.567,805.13,8930.437,179.033,289.842,18025.878
1995 October,4946.063,1475.062,6421.125,1757,8178.125,Not Available,785.452,8577.194,961.905,7615.288,-420.452,651.749,17651.065
1995 November,5113.482,1471.827,6585.309,1796.533,8381.842,Not Available,822.633,9074.033,1002.06,8071.974,-88.533,614.323,17979.305
1995 December,5063.464,1466.472,6529.936,1690.516,8220.452,Not Available,837.032,8611.645,1134.748,7476.897,-1327.419,504.662,18366.463
1996 January,5051.203,1444.094,6495.297,1715.742,8211.039,Not Available,782,9364.419,1070.032,8294.387,-599.968,373.219,18260.613
1996 February,5094.457,1482.341,6576.798,1680.276,8257.074,Not Available,790.138,8389.793,1047.828,7341.966,-1516.517,714.098,18619.793
1996 March,5117.071,1454.388,6571.459,1814.226,8385.685,Not Available,785.387,9092.258,866.774,8225.484,-596.839,307.283,18300.677
1996 April,5076.762,1367.146,6443.908,1844.633,8288.541,Not Available,832.6,9428.5,976,8452.5,661.967,973.225,17884.9
1996 May,5052.718,1341.08,6393.798,1806.387,8200.185,Not Available,855.484,10006.742,890.871,9115.871,577.774,362.815,17956.581
1996 June,5038.857,1419.35,6458.207,1832.667,8290.874,Not Available,819.167,9938.233,895.433,9042.8,898.5,852.56,18106.9
1996 July,5020.97,1316.802,6337.772,1829.355,8167.127,Not Available,841.387,9820.387,944.742,8875.645,113.419,440.002,18210.742
1996 August,5033.434,1326.637,6360.071,1858,8218.071,Not Available,830.484,9985.968,896.452,9089.516,-149.387,370.477,18657.935
1996 September,5081.21,1400.645,6481.855,1871.767,8353.622,Not Available,893.4,9141.833,1103.833,8038,202.7,572.245,17654.567
1996 October,5101.617,1379.258,6480.875,1912.258,8393.133,Not Available,829.839,9836.806,1045.032,8791.774,-444.226,712.06,19171.032
1996 November,5072.138,1403.464,6475.602,1914.767,8390.369,Not Available,905.4,9244.267,1024.1,8220.167,-531.567,487.631,18535.133
1996 December,5113.61,1392.355,6505.965,1876.194,8382.159,Not Available,882.258,9417.258,1012.871,8404.387,-462.226,203.003,18334.032
1997 January,5022.543,1379.577,6402.12,1782.387,8184.507,Not Available,764.29,9763.161,1037.935,8725.226,-217.226,663.073,18554.323
1997 February,5130.513,1383.777,6514.29,1867.321,8381.611,Not Available,817.214,9560.929,1016.5,8544.429,-678.821,-24.04,18398.036
1997 March,5121.008,1331.039,6452.047,1875.645,8327.692,Not Available,778.645,9833.129,932.742,8900.387,963.742,819.566,17862.548
1997 April,5110.809,1330.485,6441.294,1824.3,8265.594,Not Available,811.533,10113.767,937.033,9176.733,200.8,505.906,18558.967
1997 May,5170.911,1303.35,6474.261,1821.935,8296.196,Not Available,864.323,10817.968,876.484,9941.484,1402.194,593.029,18292.839
1997 June,5181.878,1259.842,6441.72,1826.567,8268.287,Not Available,854.167,10736.467,954.867,9781.6,458.967,172.08,18617.167
1997 July,5171.46,1237.932,6409.392,1820.903,8230.295,Not Available,857.484,10007.742,1012.129,8995.613,-509.935,513.318,19106.645
1997 August,5147.213,1200.173,6347.386,1831.065,8178.45,Not Available,869.484,10464.645,1074.29,9390.355,359.484,486.259,18565.065
1997 September,5209.709,1276.115,6485.824,1844.8,8330.624,Not Available,880.433,10537.033,996.767,9540.267,737.5,547.809,18561.633
1997 October,5181.047,1286.105,6467.152,1813,8280.152,Not Available,895.194,10792.097,1066.419,9725.677,178.581,348.525,19070.968
1997 November,5181.29,1277.992,6459.282,1728.2,8187.482,Not Available,892.033,9948.333,933.967,9014.367,57,541.418,18578.3
1997 December,5241.205,1289.903,6531.108,1773.29,8304.398,Not Available,907.71,9327.581,1197.323,8130.258,-1282.581,625.344,19250.29
1998 January,5311.591,1228.935,6540.526,1805.258,8345.784,Not Available,849.806,10126.677,1132.935,8993.742,322.935,495.28,18361.677
1998 February,5237.862,1237.893,6475.755,1857.429,8333.184,Not Available,819.536,9990.607,1002.929,8987.679,-41.607,134.281,18316.286
1998 March,5186.84,1220.871,6407.711,1853.387,8261.098,Not Available,855.161,10034.226,947.548,9086.677,591.677,1073.87,18685.129
1998 April,5282.45,1200.3,6482.75,1869.3,8352.05,Not Available,870.367,11104.733,1047.767,10056.967,904.233,668.85,19044
1998 May,5173.518,1173.387,6346.905,1835.065,8181.97,Not Available,896.258,11103.839,1052.581,10051.258,1222.871,468.353,18374.968
1998 June,5132.399,1134.867,6267.266,1748.2,8015.466,Not Available,873.833,10926.333,987,9939.333,-42.7,310.201,19181.533
1998 July,5038.929,1155.452,6194.381,1586.194,7780.575,Not Available,864.839,11649.097,998.194,10650.903,348.29,518.135,19466.161
1998 August,5070.125,1132.516,6202.641,1721.742,7924.383,Not Available,935.419,11032.065,780.226,10251.839,237.387,472.456,19346.71
1998 September,4696.012,1093.2,5789.212,1716.167,7505.379,Not Available,879.433,10498.667,862.5,9636.167,-545.6,328.355,18894.933
1998 October,4945.824,1196.742,6142.566,1744.032,7886.598,Not Available,872.677,10861.323,850.548,10010.774,-99.065,318.757,19187.871
1998 November,4972.029,1167.9,6139.929,1767.833,7907.762,Not Available,972.833,10860.133,781.9,10078.233,745.5,459.671,18673
1998 December,4883.578,1159.871,6043.449,1620.419,7663.868,Not Available,938.935,10257.71,892.806,9364.903,-800.29,651.293,19419.29
1999 January,4799.034,1164.322,5963.356,1656.161,7619.517,Not Available,852.516,10424.194,895.613,9528.581,-157.161,871.063,19028.839
1999 February,4861.761,1103.756,5965.517,1722.464,7687.981,Not Available,858.571,10650.143,755.821,9894.321,-241,424.947,19106.821
1999 March,4748.818,1133.815,5882.633,1787.419,7670.052,Not Available,749.742,10658.129,764.323,9893.806,-491.516,691.496,19496.613
1999 April,4831.576,1055.627,5887.203,1806.067,7693.27,Not Available,864.633,11618.067,1195.767,10422.3,132.367,303.764,19151.6
1999 May,4787.212,1087.698,5874.91,1790,7664.91,Not Available,827.871,11510.516,914.774,10595.742,1079.129,695.993,18705.387
1999 June,4792.892,967.373,5760.265,1874.033,7634.298,Not Available,881.1,11159.767,907.1,10252.667,-507.967,560.435,19836.467
1999 July,4808.139,989.86,5797.999,1901.935,7699.934,Not Available,869.871,11697.032,917.968,10779.065,43.516,514.743,19820.097
1999 August,4769.348,1010.883,5780.231,1873.871,7654.102,Not Available,896.323,11141.839,901.645,10240.194,-710.452,591.963,20093.032
1999 September,4870.404,933.367,5803.771,1917.033,7720.804,Not Available,926,10656.5,888.933,9767.567,-226.167,842.029,19482.567
1999 October,4879.092,1068.023,5947.115,1952.839,7899.954,Not Available,972.484,10595.387,943.968,9651.419,-960.839,383.53,19868.226
1999 November,4936.904,1023.452,5960.356,1949.433,7909.789,Not Available,937.7,10033.2,949.767,9083.433,-485,671.277,19087.2
1999 December,4900.308,1058.265,5958.573,1956.935,7915.508,Not Available,997.871,10064.645,1229.71,8834.935,-2502.452,247.717,20498.484
2000 January,4760.15,1024.226,5784.376,1955.71,7740.086,Not Available,934.29,10139.806,1005.968,9133.839,-499.452,718.108,19025.774
2000 February,4820.598,1031.241,5851.839,1987.31,7839.149,Not Available,902.138,11002.517,869.586,10132.931,-387.517,373.333,19635.069
2000 March,4905.465,1012.742,5918.207,1986.806,7905.013,Not Available,982.613,11051.677,1158.613,9893.065,325.548,762.664,19217.806
2000 April,4846.133,1008.033,5854.166,1968.067,7822.233,Not Available,922,11557.933,1130.967,10426.967,971,616.234,18816.433
2000 May,4880.897,965.613,5846.51,1942.581,7789.091,Not Available,943.71,11415.452,856.355,10559.097,397.065,710.167,19605
2000 June,4897.615,925.267,5822.882,1922,7744.882,Not Available,972.5,12032,924.867,11107.133,273.767,503.351,20054.1
2000 July,4826.846,912.516,5739.362,1934.258,7673.62,Not Available,904.903,11587.968,900.065,10687.903,441.29,871.154,19696.29
2000 August,4874.444,914.29,5788.734,1940.71,7729.444,Not Available,930.032,12172.645,1073.258,11099.387,-252.903,484.395,20496.161
2000 September,4865.462,892.233,5757.695,1922.767,7680.462,Not Available,987.7,11899.867,1058.8,10841.067,-162.8,226.905,19898.933
2000 October,4843.385,965.645,5809.03,1918.742,7727.772,Not Available,925.935,11290.323,1292.065,9998.258,-653.387,492.841,19798.194
2000 November,4847.136,985.533,5832.669,1875.867,7708.536,Not Available,997,11309.067,1107.933,10201.133,-41.367,379.531,19327.567
2000 December,4844.943,1010.161,5855.104,1583.194,7438.298,Not Available,970.581,12053.323,1094.839,10958.484,-1221.516,225.606,20814.484
2001 January,4818.796,980.129,5798.925,1398.226,7197.151,Not Available,924.71,12555.226,953.839,11601.387,354.226,723.107,20092.129
2001 February,4802.703,977.393,5780.096,1732.143,7512.239,Not Available,933.75,11643.286,1004.464,10638.821,-200.929,403.654,19689.393
2001 March,4871.572,1008.742,5880.314,1832.871,7713.185,Not Available,850.677,12132.355,937.903,11194.452,359.806,477.654,19876.161
2001 April,4876.166,986.467,5862.633,1830.767,7693.4,Not Available,900.5,12652.867,941.933,11710.933,1249,673.067,19728.9
2001 May,4872.362,957.065,5829.427,1912.452,7741.879,Not Available,912.677,12529.355,1068.645,11460.71,1088.355,474.057,19500.968
2001 June,4830.858,934.933,5765.791,1907.8,7673.591,Not Available,877.933,11731.967,975.533,10756.433,258.5,511.509,19560.967
2001 July,4822.02,926.613,5748.633,1898.71,7647.343,Not Available,900.29,11760.129,878.968,10881.161,171.29,661.657,19919.161
2001 August,4797.418,928,5725.418,1954.935,7680.353,Not Available,851,11621.645,1048.161,10573.484,-647.774,400.292,20152.903
2001 September,4817.358,891.633,5708.991,2033.5,7742.491,Not Available,874.433,11817.633,825.067,10992.567,1023.033,429.709,19016.167
2001 October,4851.466,894.645,5746.111,2025.194,7771.305,Not Available,966.161,11378.516,946.387,10432.129,-62.903,591.244,19823.742
2001 November,4858.509,1022.867,5881.376,2001.267,7882.643,Not Available,967.633,11628.467,959.6,10668.867,358.9,235.724,19395.967
2001 December,4841.784,1045.677,5887.461,1889.355,7776.816,Not Available,881.677,10993.677,1109.032,9884.645,-45.419,414.604,19003.161
2002 January,4837.917,1035.514,5873.431,1827,7700.431,Not Available,946.194,11088.29,860.677,10227.613,138.581,717.86,19453.516
2002 February,4850.064,1030.85,5880.913,1900,7780.913,Not Available,951.786,10903.929,1174.571,9729.357,-507.857,473.765,19443.679
2002 March,4850.035,1035.787,5885.822,1901.387,7787.21,Not Available,977.065,11198.226,852.903,10345.323,-116.226,450.468,19676.29
2002 April,4835.526,1008.913,5844.439,1924.933,7769.372,Not Available,928.467,11765.133,889.567,10875.567,520.567,499.228,19552.067
2002 May,4902.96,1002.095,5905.055,1936.355,7841.41,Not Available,994.548,11769.323,910.258,10859.065,725.968,759.106,19728.161
2002 June,4865.473,1018.916,5884.388,1870.2,7754.588,Not Available,948.1,11752.833,879.667,10873.167,173.1,472.112,19874.867
2002 July,4819.424,931.394,5750.819,1846.194,7597.012,Not Available,950.935,11623.677,838.935,10784.742,-171.71,571.44,20075.839
2002 August,4831.117,964.685,5795.802,1937.097,7732.899,Not Available,946,11890.258,1137.903,10752.355,-466.71,323.295,20221.258
2002 September,4525.425,885.788,5411.213,1898.233,7309.446,Not Available,938,11074.5,1015.433,10059.067,-742.767,411.654,19460.933
2002 October,4375.088,983.128,5358.216,1874.581,7232.797,Not Available,908.032,11892.774,961.839,10930.935,-33.194,573.429,19678.387
2002 November,4715.613,907.916,5623.528,1890.933,7514.462,Not Available,971.967,12267.567,1026.033,11241.533,181.067,444.305,19991.2
2002 December,4710.681,1011.005,5721.686,1759.935,7481.622,Not Available,1015.903,11099.613,1271.935,9827.677,-985.677,632.475,19943.355
2003 January,4771.19,984.037,5755.228,1757.871,7513.098,Not Available,933.194,11103.935,1211.968,9891.968,-1403.452,274.805,20016.516
2003 February,4767.86,1015.003,5782.863,1812.357,7595.22,Not Available,921.179,10921.321,1066.893,9854.429,-1569.679,434.494,20375
2003 March,4781.458,1022.004,5803.462,1728.806,7532.268,Not Available,965.194,12044.194,1051.29,10992.903,452.452,669.603,19707.516
2003 April,4754.928,970.889,5725.816,1701.067,7426.883,Not Available,936.567,12599.167,1052.667,11546.5,720.133,640.584,19830.4
2003 May,4673.014,990.461,5663.475,1563.774,7227.249,Not Available,955.194,12918.484,1096.935,11821.548,1187.677,527.396,19343.71
2003 June,4667.945,991.132,5659.078,1582.367,7241.444,Not Available,984.267,13000.767,1065.1,11935.667,895.2,527.089,19793.267
2003 July,4571.855,926.59,5498.445,1648.903,7147.348,Not Available,934.806,12736,975.774,11760.226,344.452,595.974,20093.903
2003 August,4628.79,944.98,5573.771,1703.419,7277.19,Not Available,1009.032,12769.161,947,11822.161,49.613,526.81,20585.581
2003 September,4645.243,963.767,5609.009,1761.1,7370.109,Not Available,1015.2,12867.733,959.633,11908.1,866.533,505.657,19932.533
2003 October,4646.399,967.145,5613.544,1818.161,7431.705,Not Available,921.032,12372.548,970.258,11402.29,119.677,546.811,20182.161
2003 November,4583.428,963.126,5546.555,1839,7385.555,Not Available,997.1,11712.3,932.5,10779.8,-115.733,594.479,19872.667
2003 December,4615.862,955.59,5571.452,1722.871,7294.323,Not Available,1112.355,12033.258,989.935,11043.323,-964.613,264.516,20679.129
2004 January,4609.055,975.86,5584.915,1802.194,7387.109,Not Available,1020.452,12014,748.452,11265.548,-385.452,420.633,20479.194
2004 February,4638.326,933.49,5571.816,1798.586,7370.402,Not Available,1040.207,12658,1045.517,11612.483,26.759,876.115,20872.448
2004 March,4637.661,978.96,5616.621,1827.806,7444.427,Not Available,1002.516,13348.742,1024.161,12324.581,440.581,121.734,20452.677
2004 April,4610.381,949.95,5560.331,1782.9,7343.231,Not Available,1071.467,12883,1153.4,11729.6,319.3,719.835,20544.833
2004 May,4614.285,941.67,5555.955,1780.452,7336.407,Not Available,1048.581,13375,1051.871,12323.129,958,563.109,20313.226
2004 June,4488.088,918.85,5406.938,1737.667,7144.605,Not Available,1005.333,13560.567,1069.567,12491,693.9,832.795,20779.833
2004 July,4673.593,810.64,5484.233,1811.71,7295.943,Not Available,1015.581,13569.742,1079.613,12490.129,490.968,569.735,20880.419
2004 August,4624.239,700.65,5324.889,1863.323,7188.212,Not Available,1082.774,13688.839,1090.839,12598,261.742,420.627,21027.871
2004 September,4212.136,869.34,5081.476,1797.2,6878.676,Not Available,987.867,12675.933,961.133,11714.8,-423.833,523.424,20528.6
2004 October,4235.249,934.75,5169.999,1820.387,6990.386,Not Available,1060.548,13437.613,1077.71,12359.903,-139.161,310.872,20860.871
2004 November,4476.389,946.92,5423.309,1867.933,7291.242,Not Available,1116.567,13408.633,991.633,12417,634.433,614.991,20805.367
2004 December,4568.247,941.91,5510.157,1817.387,7327.544,Not Available,1159.71,13087.935,1283.548,11804.387,-368.226,569.133,21229
2005 January,4528.03,918.13,5446.16,1811.903,7258.063,Not Available,1001.677,12990.968,916.676,12074.291,85.677,445.956,20694.311
2005 February,4584.44,916.92,5501.36,1868.464,7369.824,Not Available,1019.643,13749.179,1256.19,12492.988,547.714,495.705,20830.446
2005 March,4680.285,920.55,5600.835,1871.645,7472.481,Not Available,941.839,13229.645,1308.173,11921.472,-63.742,609.308,21008.842
2005 April,4669.387,893.44,5562.827,1840.367,7403.194,Not Available,1052.333,13476.133,1329.517,12146.616,1379.467,914.033,20136.71
2005 May,4703.518,892.96,5596.478,1848.839,7445.317,Not Available,1040.323,14005.613,1379.636,12625.977,896.226,390.789,20606.179
2005 June,4610.838,831.26,5442.098,1785.1,7227.198,Not Available,1018.8,14270.167,1477.069,12793.098,329.9,489.172,21198.368
2005 July,4474.865,778.48,5253.345,1748.065,7001.41,Not Available,925.839,13925.29,1259.214,12666.076,119,464.526,20938.851
2005 August,4362.853,835.62,5198.473,1724.355,6922.827,Not Available,986.29,13847.613,1295.491,12552.122,-878.548,326.272,21666.06
2005 September,3398.739,815.16,4213.899,1491.267,5705.165,Not Available,957.2,13228.8,843.515,12385.285,-388.967,704.956,20141.573
2005 October,3693.083,861.74,4554.823,1544.419,6099.242,Not Available,858.194,14208.355,854.129,13354.226,387.484,328.65,20252.828
2005 November,3985.066,871.88,4856.946,1621.167,6478.113,Not Available,1030.7,14096.067,960.605,13135.461,435.1,414.176,20623.35
2005 December,4151.66,836.42,4988.08,1458.806,6446.887,Not Available,1046.161,13548.29,1105.882,12442.409,-1025.452,534.487,21495.396
2006 January,4216.138,831.59,5047.728,1682.29,6730.019,Not Available,1001.226,13796,1059.251,12736.749,482.677,450.98,20436.296
2006 February,4211.241,820.69,5031.931,1682.429,6714.359,Not Available,1028.393,13564.964,1275.751,12289.213,231.464,776.474,20576.975
2006 March,4274.838,752.33,5027.168,1702.419,6729.587,Not Available,906.742,12903.548,1169.535,11734.013,-908.516,329.499,20608.357
2006 April,4281.422,800.23,5081.652,1737.267,6818.919,Not Available,944.2,13437.867,1398.478,12039.389,308.667,707.413,20201.254
2006 May,4349.351,801.21,5150.561,1754.806,6905.368,Not Available,978.645,14314.774,1349.848,12964.926,744.452,352.521,20457.008
2006 June,4381.847,780.95,5162.797,1755.6,6918.397,Not Available,967.933,14252.633,1334.162,12918.472,178.133,355.056,20981.725
2006 July,4413.154,681.02,5094.174,1759.29,6853.464,Not Available,999.516,13983.581,1387.112,12596.469,458.935,749.737,20740.25
2006 August,4418.94,620.79,5039.73,1732.484,6772.214,Not Available,1076.839,14696.613,1254.902,13441.711,639.387,782.438,21433.814
2006 September,4375.841,655.01,5030.851,1776.4,6807.251,Not Available,1026.433,14490.7,1554.194,12936.506,743.633,532.263,20558.82
2006 October,4394.216,713.94,5108.156,1773.258,6881.414,Not Available,992.065,13316.71,1506.489,11810.22,-523.516,561.72,20768.935
2006 November,4409.24,654.97,5064.21,1769.867,6834.076,Not Available,958.867,13004.5,1353.147,11651.353,-795.533,428.886,20668.715
2006 December,4400.926,785.14,5186.066,1736.484,6922.55,Not Available,1047.935,12720.774,1164.492,11556.282,-829.871,438.6,20795.239
2007 January,4335.756,772.052,5107.808,1676.71,6784.518,Not Available,1034.548,13705.806,1445.536,12260.27,121.29,609.042,20567.088
2007 February,4364.754,753.144,5117.898,1710.036,6827.933,Not Available,960.929,12172.821,1349.68,10823.141,-2067,629.977,21308.98
2007 March,4372.893,746.364,5119.257,1775.645,6894.902,Not Available,943.581,13956.387,1274.493,12681.894,365.419,380.861,20535.818
2007 April,4435.417,744.815,5180.232,1755.2,6935.432,Not Available,948.267,13841.933,1359.847,12482.087,545.067,715.25,20535.969
2007 May,4445.91,765.306,5211.217,1792.613,7003.83,Not Available,938.839,14204.484,1440.792,12763.692,964.677,878.812,20620.495
2007 June,4360.829,714.318,5075.147,1780.3,6855.447,Not Available,1007.4,13552.9,1331.378,12221.522,198.7,837.404,20723.073
2007 July,4321.841,716.078,5037.919,1785.097,6823.016,Not Available,1022.548,13754,1505.722,12248.278,120.742,773.823,20746.924
2007 August,4325.893,643.789,4969.682,1768.387,6738.069,Not Available,1010.065,13634.29,1482.853,12151.437,-568.839,557.066,21025.475
2007 September,4262.748,639.288,4902.036,1793.233,6695.269,Not Available,991.233,13646,1360.899,12285.101,29.2,472.183,20414.587
2007 October,4323.794,698.141,5021.935,1840.387,6862.322,Not Available,982.839,12980.516,1325.141,11655.375,-290.806,685.078,20476.421
2007 November,4294.416,739.602,5034.018,1885.533,6919.552,Not Available,1011.167,13188.1,1766.678,11421.422,-600.7,581.833,20534.674
2007 December,4375.944,734.608,5110.551,1828.419,6938.971,Not Available,1092.774,12869.355,1542.371,11326.984,-799.839,560.742,20719.31
2008 January,4404.374,710.544,5114.918,1790.968,6905.886,Not Available,1070.677,13568.258,1619.667,11948.591,368.935,690.761,20246.98
2008 February,4434.85,706.169,5141.019,1845.172,6986.192,Not Available,962.31,12660.103,1847.866,10812.238,-452.103,815.984,20028.827
2008 March,4465.895,726.369,5192.264,1874.935,7067.2,Not Available,929.355,12597.677,1807.123,10790.555,-279.387,764.419,19830.916
2008 April,4472.8,701.109,5173.909,1885,7058.909,Not Available,937.833,13331.467,1738.944,11592.523,387.167,612.883,19814.981
2008 May,4458.922,685.167,5144.089,1885.097,7029.186,Not Available,1066.774,12901.839,1792.887,11108.952,248.065,840.678,19797.525
2008 June,4479.979,655.156,5135.135,1836.367,6971.502,Not Available,1013.733,13398.067,2146.297,11251.769,396.267,837.325,19678.063
2008 July,4535.613,639.637,5175.25,1860.839,7036.089,Not Available,1030.871,13124.323,2051.218,11073.104,394,810.515,19556.578
2008 August,4452.681,544.467,4997.148,1814.613,6811.761,Not Available,1044.355,13117.548,2053.134,11064.414,399.71,751.469,19272.29
2008 September,3289.872,681.06,3970.932,1514.1,5485.032,Not Available,865.2,11561.967,1322.511,10239.456,-207.533,1041.624,17838.845
2008 October,4021.489,715.876,4737.364,1748.871,6486.235,Not Available,1016.484,13202.226,1657.547,11544.679,215.581,866.475,19698.292
2008 November,4345.674,728.191,5073.865,1740.033,6813.898,Not Available,1000.3,12880.7,1720.303,11160.397,697.367,775.2,19052.428
2008 December,4402.336,702.096,5104.432,1606.839,6711.271,Not Available,969.903,12607,1855.911,10751.089,150.645,860.62,19142.237
2009 January,4459.809,678.684,5138.493,1710.968,6849.461,662.774,950.258,13126.613,1921.506,11205.107,914,286.216,19039.816
2009 February,4527.098,707.852,5234.951,1823.571,7058.522,685.679,930.857,12095.036,1807.668,10287.367,390.571,249.957,18821.811
2009 March,4500.795,709.093,5209.888,1890.677,7100.565,683.71,912.032,12446.484,1837.662,10608.822,831.677,245.449,18718.9
2009 April,4623.966,652.564,5276.53,1887.9,7164.43,681.067,982.3,11961.533,1900.327,10061.206,436.9,220.286,18672.389
2009 May,4695.229,677.673,5372.902,1953.935,7326.838,714.29,974.097,11476.581,2015.083,9461.498,499.71,234.011,18211.024
2009 June,4692.187,570.724,5262.911,1926.533,7189.444,741.033,1038.4,11936.1,1962.695,9973.405,440.433,325.774,18827.623
2009 July,4836.084,551.251,5387.335,1907.903,7295.239,772.581,985.516,11829.903,2348.181,9481.723,185.968,277.116,18626.206
2009 August,4834.165,572.021,5406.186,1919.71,7325.896,782.645,1003.355,11182.516,2118.927,9063.589,-519.065,254.88,18949.429
2009 September,4902.287,652.077,5554.364,1962.4,7516.764,770.833,1027.2,11755.833,2105.057,9650.777,490.9,119.751,18594.425
2009 October,4855.393,658.686,5514.078,1976.129,7490.207,784.903,961.484,10877.806,2222.804,8655.003,-752.548,158.703,18802.848
2009 November,4714.745,662.167,5376.912,1995.967,7372.879,832.733,944.8,11105.067,2029.006,9076.061,-372.667,153.849,18752.988
2009 December,4785.355,654.662,5440.017,1959.387,7399.404,837.71,1030.387,10534.065,1996.355,8537.71,-1211.71,219.615,19236.535
2010 January,4750.256,640.294,5390.549,2017.129,7407.678,846.355,960.71,11300.484,1896.688,9403.796,229.484,255.732,18644.787
2010 February,4911.103,635.074,5546.177,2043.107,7589.284,873.643,1060.071,11230.429,2033.902,9196.527,-43.143,79.874,18842.541
2010 March,4856.265,646.14,5502.405,2076,7578.405,895.419,1063.677,11621.355,2149.084,9472.271,93.323,167.691,19084.142
2010 April,4741.372,639.669,5381.041,2060.9,7441.941,877.8,1027.633,12525.633,2432.47,10093.164,766.2,370.374,19044.712
2010 May,4817.501,571.276,5388.777,2090.645,7479.422,892.774,1068.968,12141.387,2399.093,9742.294,655.323,342.725,18870.861
2010 June,4845.676,534.47,5380.146,2046.167,7426.313,905.367,1084.667,12443.9,2303.907,10139.993,362.467,358.577,19552.45
2010 July,4752.17,544.697,5296.867,1993.516,7290.383,906.097,1108.613,12674.677,2516.085,10158.593,448.452,292.632,19307.866
2010 August,4901.748,538.254,5440.002,2070.71,7510.712,911.226,1123.452,12356.29,2410.276,9946.014,202.645,383.937,19672.695
2010 September,4995.236,613.779,5609.015,2103.533,7712.548,914.567,1061.933,11822.567,2344.566,9478,-40.633,250.902,19458.584
2010 October,5000.49,618.474,5618.964,2124.774,7743.738,924.452,1012.129,11142.419,2479.988,8662.431,-452.226,172.058,18967.034
2010 November,4955.077,606.182,5561.259,2136,7697.259,967.4,1051.233,11096.133,2598.487,8497.646,-662.3,87.934,18963.773
2010 December,4983.122,611.797,5594.919,2124.452,7719.371,961.484,1186.613,11132.226,2644.026,8488.2,-1085,288.345,19729.012
2011 January,5019.999,463.818,5483.817,2114.484,7598.301,982.09,1019.226,12164.968,2750.216,9414.751,462.189,372.797,18924.976
2011 February,4780.935,611.2,5392.135,2008.571,7400.707,971.912,954.107,10673.607,2634.484,8039.123,-1037.045,407.379,18810.273
2011 March,4993.106,610.973,5604.079,2194.581,7798.66,1001.542,1019.452,11754.839,2732.559,9022.28,-122.609,248.417,19212.96
2011 April,4939.734,606.112,5545.846,2186.467,7732.313,995.59,1013.3,11745.733,3071.417,8674.316,99.946,266.766,18582.34
2011 May,5023.247,582.041,5605.288,2233.645,7838.933,992.452,1084.806,11806.581,2735.08,9071.5,889.558,311.177,18409.311
2011 June,5018.126,553.42,5571.545,2187.933,7759.479,1014.663,1106,11805.633,2715.804,9089.83,57.643,277.774,19190.103
2011 July,4968.861,452.776,5421.637,2206.258,7627.895,1003.511,1122.387,11684.516,3052.82,8631.696,223.968,551.032,18712.553
2011 August,5112.78,526.132,5638.912,2227.323,7866.235,1027.273,1133.161,11160.968,3002.408,8158.559,-653.935,522.896,19362.059
2011 September,4981.403,584.805,5566.207,2170.567,7736.774,1011.145,1122.9,11225.567,3174.095,8051.472,-492.072,433.619,18847.981
2011 October,5292.819,565.767,5858.586,2313.097,8171.683,1022.811,1083.871,11005.194,3107.321,7897.872,-387.925,245.784,18809.946
2011 November,5378.428,593.122,5971.55,2373.067,8344.617,1076.333,1113.067,11156.3,3158.755,7997.545,-1.071,502.856,19035.488
2011 December,5441.257,591.767,6033.024,2358.484,8391.508,1085.379,1134.097,10982.677,3667.336,7315.341,-669.678,142.498,18738.501
2012 January,5548.639,592.724,6141.363,2384.032,8525.395,1021.906,1053.452,10910.161,2869.603,8040.559,621.574,287.43,18307.167
2012 February,5654.519,582.232,6236.751,2400.69,8637.441,1013.468,1064.241,10489.69,2993.958,7495.732,-164.611,253.143,18628.637
2012 March,5723.293,567.481,6290.774,2384.871,8675.645,991.309,1074.194,10605.129,3115.887,7489.242,533.831,452.572,18149.131
2012 April,5732.342,552.384,6284.726,2378.833,8663.559,1002.358,1026.633,10610.5,3271.773,7338.728,54.772,205.185,18181.692
2012 May,5794.837,545.998,6340.835,2393.387,8734.222,1016.608,1089.387,11117.323,3207.354,7909.969,430.557,257.445,18577.074
2012 June,5770.662,492.998,6263.659,2338.1,8601.759,1002.873,1099.633,11424.233,3215.761,8208.473,428.001,367.636,18852.374
2012 July,6002.593,415.223,6417.816,2326.581,8744.397,928.213,1065.484,10793.677,3237.466,7556.211,82.377,306.685,18518.612
2012 August,5958.469,404.48,6362.949,2370.968,8733.917,954.397,1045.194,10879.613,3081.491,7798.122,-387.198,221.486,19140.313
2012 September,6054.067,502.066,6556.132,2461.933,9018.066,920.196,1001.067,10475.2,3163.697,7311.503,608.102,452.794,18095.523
2012 October,6393.73,546.657,6940.386,2506.774,9447.161,901.176,1005.903,10047.355,3254.752,6792.603,-317.864,249.209,18713.916
2012 November,6476.269,553.193,7029.461,2535.933,9565.395,913.253,1032.067,10181.4,3404.122,6777.278,-1.665,243.675,18533.332
2012 December,6526.166,556.383,7082.549,2415.387,9497.936,903.63,1152.484,9643.871,3636.018,6007.853,-129.497,450.745,18142.145
2013 January,6523.835,548.772,7072.607,2378.742,9451.348,891.407,1060.806,10088.935,2881.298,7207.638,79.017,223.019,18755.202
2013 February,6594.717,540.925,7135.642,2489.679,9625.32,905.116,966.286,9286.393,3279.872,6006.521,-759.359,391.495,18654.097
2013 March,6668.43,533.118,7201.548,2484.548,9686.097,949.985,1011.839,9534.194,3111.178,6423.015,88.485,548.705,18531.155
2013 April,6850.105,522.531,7372.636,2513.2,9885.836,971.069,1092.9,10167.5,3234.688,6932.812,483.971,180.519,18579.166
2013 May,6781.768,515.385,7297.152,2556.355,9853.507,1011.299,1039.484,10174.065,3471.534,6702.53,308.249,467.66,18766.231
2013 June,6768.242,485.568,7253.81,2541.567,9795.377,1033.608,1087.133,9881.7,3593.658,6288.042,79.605,676.971,18801.526
2013 July,6970.574,492.959,7463.533,2618.387,10081.92,1020.937,1131.903,10299.871,3850.627,6449.243,-41.935,540.602,19266.541
2013 August,7084.664,428.069,7512.733,2715.097,10227.829,1003.973,1114.935,10248.903,3724.616,6524.287,135.395,412.461,19148.091
2013 September,7249.973,511.06,7761.034,2791.167,10552.2,998.246,1135.933,10036.3,3631.56,6404.74,319.363,500.123,19271.879
2013 October,7188.063,520.527,7708.59,2766.452,10475.042,1051.556,1084.839,9608.484,4073.814,5534.67,-772.425,409.885,19328.416
2013 November,7342.354,535.888,7878.242,2746.9,10625.142,1083.285,1126.267,9385.433,3966.662,5418.771,-700.635,536.426,19490.527
2013 December,7372.153,545.866,7918.019,2659.806,10577.826,1102.022,1179.097,9539.323,4601.569,4937.754,-921.905,269.608,18988.211
2014 January,7481.27,541.621,8022.892,2695.484,10718.376,1001.069,1107.29,9305.097,3911.334,5393.763,-430.077,444.374,19094.949
2014 February,7598.98,515.237,8114.217,2710.179,10824.396,1000.322,1064.357,9155,3657.724,5497.276,46.113,575.829,18916.067
2014 March,7723.112,530.06,8253.172,2829.419,11082.591,1026.27,991.484,9255.935,3992.902,5263.033,261.507,354.493,18456.364
2014 April,8060.169,536.741,8596.911,2950.2,11547.111,1040.156,1077.967,9600.067,3974.17,5625.897,927.189,473.926,18837.867
2014 May,8070.403,524.104,8594.507,2955.548,11550.055,1057.203,1012.903,9387.226,4112.732,5274.494,960.26,639.052,18573.448
2014 June,8222.508,484.515,8707.024,3094.033,11801.057,1091.218,1121.5,8836.967,4154.957,4682.01,125.78,300.19,18870.194
2014 July,8382.834,422.39,8805.224,3114.806,11920.031,1088.416,1107.194,9495.581,4463.934,5031.646,130.801,240.36,19256.845
2014 August,8467.651,397.953,8865.604,3141.839,12007.442,1050.568,1162.677,9318.645,4457.237,4861.409,183.884,479.426,19377.638
2014 September,8568.576,477.421,9045.997,3194.767,12240.764,1059.407,1015.433,9181.167,3947,5234.167,436.925,126.614,19239.46
2014 October,8731.721,500.135,9231.856,3196.323,12428.179,1043.912,1028.387,8924.452,4133.984,4790.467,-206.799,210.946,19708.69
2014 November,8781.702,512.859,9294.561,3115.333,12409.895,1059.182,1177.7,9008.667,4352.816,4655.851,312.223,381.908,19372.312
2014 December,8950.267,514.626,9464.893,3156.355,12621.248,1133.756,1100,9402.032,4891.936,4510.096,461.755,573.4,19476.746
2015 January,8857.99,500.322,9358.312,3054.774,12413.086,1055.106,1075.129,9461.194,4575.389,4885.805,709.027,541.242,19261.341
2015 February,9049.458,487.786,9537.244,3161.714,12698.958,1047.923,1021.357,9272.357,4640.067,4632.29,15.002,278.893,19664.42
2015 March,9055.093,505.929,9561.022,3236.774,12797.796,1052.082,1013.194,9619.226,4091.874,5527.352,1071.726,21.246,19339.943
2015 April,9116.385,509.879,9626.264,3375.333,13001.598,1065.162,1067.5,9373.867,4937.633,4436.234,867.687,548.433,19251.239
2015 May,8954.972,472.57,9427.542,3336.71,12764.252,1107.139,1083.032,9502.258,4852.77,4649.488,689.181,401.194,19315.923
2015 June,8882.8,446.566,9329.366,3318.767,12648.133,1147.653,1027.667,9604.633,4656.568,4948.065,337.951,419.523,19853.09
2015 July,8952.107,449.702,9401.809,3355.065,12756.874,1124.024,1092.387,9571.355,4960.472,4610.882,-71.875,478.305,20134.348
2015 August,8970.931,407.833,9378.764,3418.742,12797.506,1103.025,1098.516,9858.355,4507.405,5350.95,709.69,299.189,19939.496
2015 September,8944.925,472.437,9417.362,3437.033,12854.395,1090.401,1046.233,9357.867,4851.326,4506.541,311.315,246.282,19432.537
2015 October,8842.396,497.022,9339.418,3488.516,12827.935,1103.804,1040.097,8841.516,4616.55,4224.966,243.361,537.271,19490.712
2015 November,8783.963,522.849,9306.812,3498.133,12804.946,1117.101,1064.867,9151.067,4903.295,4247.772,465.609,358.363,19127.439
2015 December,8707.016,522.276,9229.293,3417.258,12646.551,1123.768,1108.097,9742.387,5266.229,4476.158,-232.247,2.343,19589.163
2016 January,8670.73,515.708,9186.438,3344.774,12531.212,1108.804,1116.613,9706.935,4976.94,4729.996,1020.49,596.661,19062.796
2016 February,8599.711,507.412,9107.123,3369.345,12476.468,1128.436,1070.379,10066.034,4934.002,5132.033,148.23,187.516,19846.603
2016 March,8623.097,511.083,9134.18,3555.71,12689.89,1145.901,1049.129,10001.226,5091.576,4909.65,206.081,139.716,19728.204
2016 April,8417.538,488.901,8906.439,3570.4,12476.839,1094.066,1095.1,9821.967,5195.193,4626.774,361.128,408.577,19340.228
2016 May,8354.047,505.153,8859.2,3671.677,12530.878,1145.983,1160.355,10180.645,5739.408,4441.238,495.268,544.97,19328.155
2016 June,8232.55,470.102,8702.652,3662.433,12365.085,1179.742,1113.967,10054.167,5436.952,4617.215,-36.29,533.874,19846.172
2016 July,8243.42,438.187,8681.607,3603.839,12285.446,1180.44,1190.258,10532.065,5226.259,5305.805,549.92,363.629,19775.658
2016 August,8257.435,458.919,8716.354,3410.323,12126.676,1189.683,1148.774,10322.258,5096.527,5225.731,-4.528,579.391,20274.783
2016 September,8101.43,451.977,8553.406,3427.333,11980.74,1166.845,1122.367,10199.367,5439.327,4760.04,-504.442,222.392,19756.826
2016 October,8296.097,494.881,8790.978,3544.323,12335.3,1153.456,1088.839,9699.065,4984.55,4714.514,57.934,415.931,19650.106
2016 November,8363.117,512.948,8876.066,3595.767,12471.832,1194.913,1112.567,10292.533,5425.952,4866.581,107.079,120.053,19658.866
2016 December,8251.66,519.178,8770.838,3352.194,12123.031,1211.646,1143.323,9792.355,5573.779,4218.576,-859.79,427.592,19983.958
2017 January,8308.942,515.865,8824.806,3364.806,12189.613,1176.944,1124.581,10685.161,5691.189,4993.972,698.107,456.891,19243.894
2017 February,8531.873,513.369,9045.241,3604.286,12649.527,1163.793,1045.036,10039.071,6442.567,3596.504,-93.773,610.419,19159.052
2017 March,8580.847,525.833,9106.68,3644.29,12750.97,1171.799,1108.452,10059.355,5885.847,4173.508,-555.648,286.835,20047.211
2017 April,8567.75,525.328,9093.078,3633,12726.078,1137.539,1127.733,10243.8,6065.724,4178.076,1.305,388.305,19556.426
2017 May,8626.892,507.576,9134.468,3720.968,12855.436,1174.015,1125.032,10628,6141.655,4486.345,152.147,550.574,20039.254
2017 June,8605.126,462.71,9067.836,3751.6,12819.436,1186.412,1151.133,10239.667,6148.002,4091.664,-823.748,421.718,20494.111
2017 July,8785.876,422.663,9208.54,3755.258,12963.798,1188.214,1090.871,9849.548,6231.964,3617.584,-364.477,795.128,20020.073
2017 August,8741.616,450.691,9192.307,3704.097,12896.404,1214.324,1112.452,10054.935,5647.455,4407.481,-377.162,152.929,20160.75
2017 September,9002.513,482.156,9484.669,3692.633,13177.302,1176.165,1016.333,9707.033,6263.299,3443.735,-261.084,506.013,19580.632
2017 October,9147.812,506.624,9654.436,3967.516,13621.952,1208.417,1080.516,9661.194,7163.437,2497.757,-1133.002,264.746,19806.391
2017 November,9528.02,509.915,10037.935,4053.5,14091.435,1262.378,1145.933,9782.633,7158.223,2624.411,-690.766,463.287,20278.21
2017 December,9234,515,9749,3720,13469,1110,1160,9947,6449,3498,-826.51,518.49,20582
2018 January,9371,510,9881,3985,13866,1130,1115,10221,6240,3981,-410.6,295.4,20798
